-- phpMyAdmin SQL Dump
-- version 5.1.2
-- https://www.phpmyadmin.net/
--
-- Hôte : localhost:3306
-- Généré le : jeu. 10 août 2023 à 12:43
-- Version du serveur : 5.7.24
-- Version de PHP : 8.0.1

SET SQL_MODE = "NO_AUTO_VALUE_ON_ZERO";
START TRANSACTION;
SET time_zone = "+00:00";


/*!40101 SET @OLD_CHARACTER_SET_CLIENT=@@CHARACTER_SET_CLIENT */;
/*!40101 SET @OLD_CHARACTER_SET_RESULTS=@@CHARACTER_SET_RESULTS */;
/*!40101 SET @OLD_COLLATION_CONNECTION=@@COLLATION_CONNECTION */;
/*!40101 SET NAMES utf8mb4 */;

--
-- Base de données : `paymybuddy2`
--

-- --------------------------------------------------------

--
-- Structure de la table `account`
--

CREATE TABLE `account` (
  `id` bigint(20) NOT NULL,
  `created_at` datetime(6) DEFAULT NULL,
  `created_by` varchar(50) DEFAULT NULL,
  `last_modified_at` datetime(6) DEFAULT NULL,
  `last_modified_by` varchar(50) DEFAULT NULL,
  `account_number` varchar(255) NOT NULL,
  `balance` decimal(19,2) DEFAULT NULL,
  `currency` varchar(255) DEFAULT NULL,
  `status` varchar(255) DEFAULT NULL,
  `owner` bigint(20) DEFAULT NULL
) ENGINE=InnoDB DEFAULT CHARSET=utf8;

--
-- Déchargement des données de la table `account`
--

INSERT INTO `account` (`id`, `created_at`, `created_by`, `last_modified_at`, `last_modified_by`, `account_number`, `balance`, `currency`, `status`, `owner`) VALUES
(1, '2022-12-27 21:28:13.000000', NULL, '2022-10-28 14:16:06.000000', NULL, '676328448643767133', '1129.96', 'Euro', 'ACTIVE', 1),
(2, '2023-01-07 03:40:27.000000', NULL, '2023-01-30 06:48:41.000000', NULL, '371726301937216', '618.00', 'Euro', 'ACTIVE', 2),
(3, '2023-03-09 21:15:31.000000', NULL, '2023-02-21 00:33:19.000000', NULL, '5478599722774737', '712.00', 'Euro', 'ACTIVE', 3),
(4, '2022-08-07 03:36:15.000000', NULL, '2023-03-07 12:12:31.000000', NULL, '374622956800915', '630.00', 'Euro', 'ACTIVE', 4),
(5, '2023-03-22 13:57:57.000000', NULL, '2023-04-05 15:30:04.000000', NULL, '67633733409376308', '452.00', 'Euro', 'ACTIVE', 5),
(6, '2023-05-07 12:40:25.000000', NULL, '2022-06-28 14:23:49.000000', NULL, '5002351319691519', '928.00', 'Euro', 'ACTIVE', 6),
(7, '2022-10-13 17:37:40.000000', NULL, '2022-10-03 04:09:52.000000', NULL, '4371651130115', '844.00', 'Euro', 'ACTIVE', 7),
(8, '2023-05-17 20:07:01.000000', NULL, '2023-02-19 00:15:38.000000', NULL, '5502408908675041', '301.00', 'Euro', 'ACTIVE', 8),
(9, '2023-02-21 00:21:19.000000', NULL, '2022-08-24 16:27:41.000000', NULL, '4041593201842314', '758.00', 'Euro', 'ACTIVE', 9),
(10, '2023-03-29 12:12:48.000000', NULL, '2023-03-01 03:52:20.000000', NULL, '4041592802771', '482.00', 'Euro', 'ACTIVE', 10),
(11, '2022-10-21 22:49:43.000000', NULL, '2022-10-18 10:42:27.000000', NULL, '372675021008270', '888.00', 'Euro', 'ACTIVE', 11),
(12, '2022-07-27 04:46:32.000000', NULL, '2022-06-30 08:13:24.000000', NULL, '4041372623811011', '890.00', 'Euro', 'ACTIVE', 12),
(13, '2023-03-07 07:53:05.000000', NULL, '2022-11-15 16:15:15.000000', NULL, '377014492691924', '889.00', 'Euro', 'ACTIVE', 13),
(14, '2023-03-21 18:36:54.000000', NULL, '2023-02-08 11:32:27.000000', NULL, '677177553360293658', '367.00', 'Euro', 'ACTIVE', 14),
(15, '2023-03-12 17:13:54.000000', NULL, '2022-11-29 09:29:35.000000', NULL, '6709311323812140267', '101.00', 'Euro', 'ACTIVE', 15),
(16, '2022-08-23 11:10:03.000000', NULL, '2023-06-17 14:56:22.000000', NULL, '67069261697370117', '159.00', 'Euro', 'ACTIVE', 16),
(17, '2022-11-13 04:56:54.000000', NULL, '2022-11-30 07:02:52.000000', NULL, '5456374391333447', '468.00', 'Euro', 'ACTIVE', 17),
(18, '2023-03-02 14:53:20.000000', NULL, '2023-05-28 19:44:07.000000', NULL, '67711674770165539', '871.00', 'Euro', 'ACTIVE', 18),
(19, '2023-04-25 00:39:02.000000', NULL, '2022-09-02 00:44:03.000000', NULL, '344070924564980', '183.00', 'Euro', 'ACTIVE', 19),
(20, '2022-06-24 12:02:16.000000', NULL, '2023-02-02 21:21:13.000000', NULL, '4917178338219320', '808.00', 'Euro', 'ACTIVE', 20),
(21, '2022-07-19 03:53:35.000000', NULL, '2022-07-11 21:04:04.000000', NULL, '6304226091535618', '270.00', 'Euro', 'ACTIVE', 21),
(22, '2022-12-16 22:08:10.000000', NULL, '2023-04-26 23:17:48.000000', NULL, '06043954549525677', '521.00', 'Euro', 'ACTIVE', 22),
(23, '2022-09-03 07:53:05.000000', NULL, '2023-06-04 15:51:41.000000', NULL, '374288274839389', '983.00', 'Euro', 'ACTIVE', 23),
(24, '2022-07-06 05:26:45.000000', NULL, '2023-02-25 15:32:50.000000', NULL, '5100140310429347', '526.00', 'Euro', 'ACTIVE', 24),
(25, '2023-01-03 22:17:59.000000', NULL, '2023-02-19 13:14:00.000000', NULL, '5100145797368660', '133.00', 'Euro', 'ACTIVE', 25),
(26, '2023-04-15 07:02:01.000000', NULL, '2022-12-30 03:57:40.000000', NULL, '372301984532251', '885.00', 'Euro', 'ACTIVE', 26),
(27, '2022-07-15 02:10:14.000000', NULL, '2022-11-23 03:44:47.000000', NULL, '5602243486794644', '144.00', 'Euro', 'ACTIVE', 27),
(28, '2022-12-15 04:04:36.000000', NULL, '2023-05-17 04:02:22.000000', NULL, '5602215194740341', '776.00', 'Euro', 'ACTIVE', 28),
(29, '2022-07-01 14:59:49.000000', NULL, '2022-07-18 14:11:53.000000', NULL, '5002358290362515', '951.00', 'Euro', 'ACTIVE', 29),
(30, '2022-07-09 11:20:13.000000', NULL, '2023-04-10 08:55:13.000000', NULL, '6709022065772321318', '67.00', 'Euro', 'ACTIVE', 30),
(31, '2023-05-18 12:34:53.000000', NULL, '2022-11-22 05:36:26.000000', NULL, '6304426093480055384', '219.00', 'Euro', 'ACTIVE', 31),
(32, '2023-02-28 11:47:44.000000', NULL, '2023-01-14 04:12:22.000000', NULL, '4017957283948', '605.00', 'Euro', 'ACTIVE', 32),
(33, '2023-03-28 00:53:44.000000', NULL, '2022-10-24 20:47:17.000000', NULL, '676288847480214562', '660.00', 'Euro', 'ACTIVE', 33),
(34, '2022-08-14 20:22:58.000000', NULL, '2022-08-23 16:29:22.000000', NULL, '6706634889686266897', '441.00', 'Euro', 'ACTIVE', 34),
(35, '2023-03-11 01:25:26.000000', NULL, '2023-01-27 05:13:28.000000', NULL, '5100171996384522', '826.00', 'Euro', 'ACTIVE', 35),
(36, '2023-04-29 09:59:27.000000', NULL, '2022-06-26 13:04:39.000000', NULL, '5602240184820580', '685.00', 'Euro', 'ACTIVE', 36),
(37, '2022-11-22 15:27:33.000000', NULL, '2023-05-11 05:59:11.000000', NULL, '6304632958027191001', '821.00', 'Euro', 'ACTIVE', 37),
(38, '2022-07-05 06:10:45.000000', NULL, '2022-12-13 23:18:36.000000', NULL, '4041374554524332', '555.00', 'Euro', 'ACTIVE', 38),
(39, '2022-12-07 15:59:31.000000', NULL, '2023-05-12 09:51:57.000000', NULL, '676110173306978072', '379.00', 'Euro', 'ACTIVE', 39),
(40, '2022-11-13 06:24:47.000000', NULL, '2023-01-23 03:03:34.000000', NULL, '4041591217559', '163.00', 'Euro', 'ACTIVE', 40),
(41, '2022-07-21 14:44:39.000000', NULL, '2023-03-31 18:30:43.000000', NULL, '5602216949653821', '84.00', 'Euro', 'ACTIVE', 41),
(42, '2022-12-19 02:24:17.000000', NULL, '2022-07-02 12:40:17.000000', NULL, '670615686069108267', '798.00', 'Euro', 'ACTIVE', 42),
(43, '2022-12-03 04:02:49.000000', NULL, '2022-12-02 12:58:38.000000', NULL, '6771326032852587', '677.00', 'Euro', 'ACTIVE', 43),
(44, '2023-02-15 21:41:54.000000', NULL, '2023-01-13 07:43:14.000000', NULL, '5100172810294749', '833.00', 'Euro', 'ACTIVE', 44),
(45, '2023-05-28 01:31:54.000000', NULL, '2023-05-03 20:02:59.000000', NULL, '6761827038976085672', '728.00', 'Euro', 'ACTIVE', 45),
(46, '2023-04-08 04:43:15.000000', NULL, '2023-02-26 12:12:57.000000', NULL, '4043633748914', '278.00', 'Euro', 'ACTIVE', 46),
(47, '2022-10-29 21:43:59.000000', NULL, '2023-03-29 04:40:34.000000', NULL, '5602233068447935', '683.00', 'Euro', 'ACTIVE', 47),
(48, '2022-09-05 08:10:09.000000', NULL, '2022-09-15 03:16:50.000000', NULL, '4026091525710449', '622.00', 'Euro', 'ACTIVE', 48),
(49, '2023-01-09 01:29:43.000000', NULL, '2022-10-12 12:25:35.000000', NULL, '67719647199178509', '346.00', 'Euro', 'ACTIVE', 49),
(50, '2022-11-30 12:01:51.000000', NULL, '2023-03-11 14:20:51.000000', NULL, '6304802901327071', '493.00', 'Euro', 'ACTIVE', 50),
(51, '2023-04-23 22:11:50.000000', NULL, '2023-04-02 18:08:05.000000', NULL, '4175009985937624', '732.00', 'Euro', 'ACTIVE', 51),
(52, '2022-07-14 09:59:07.000000', NULL, '2022-11-19 03:57:10.000000', NULL, '4844483819100702', '423.00', 'Euro', 'ACTIVE', 52),
(53, '2023-01-11 00:28:47.000000', NULL, '2022-08-28 13:20:44.000000', NULL, '6761933340241817', '379.00', 'Euro', 'ACTIVE', 53),
(54, '2022-07-12 18:45:25.000000', NULL, '2023-01-12 15:47:05.000000', NULL, '4041379766819776', '125.00', 'Euro', 'ACTIVE', 54),
(55, '2022-07-04 12:19:08.000000', NULL, '2023-06-23 02:02:53.000000', NULL, '4175000522361402', '364.00', 'Euro', 'ACTIVE', 55),
(56, '2023-01-23 09:23:30.000000', NULL, '2022-07-19 14:05:01.000000', NULL, '50189375783127875', '568.00', 'Euro', 'ACTIVE', 56),
(57, '2023-06-18 02:27:42.000000', NULL, '2022-10-12 10:13:38.000000', NULL, '374283380187138', '604.00', 'Euro', 'ACTIVE', 57),
(58, '2023-04-14 22:12:39.000000', NULL, '2023-02-20 00:53:04.000000', NULL, '5007668916241298', '233.00', 'Euro', 'ACTIVE', 58),
(59, '2023-01-18 16:17:59.000000', NULL, '2023-01-15 02:42:44.000000', NULL, '4017957544752', '177.00', 'Euro', 'ACTIVE', 59),
(60, '2023-02-16 13:41:50.000000', NULL, '2022-11-25 19:12:13.000000', NULL, '5344004881889154', '676.00', 'Euro', 'ACTIVE', 60),
(61, '2022-06-26 19:36:24.000000', NULL, '2022-09-09 02:50:52.000000', NULL, '6759481552956288784', '298.00', 'Euro', 'ACTIVE', 61),
(62, '2022-07-31 00:41:04.000000', NULL, '2023-01-10 00:12:15.000000', NULL, '5010124722610305', '107.00', 'Euro', 'ACTIVE', 62),
(63, '2022-09-26 00:17:55.000000', NULL, '2022-12-21 03:11:16.000000', NULL, '670660948833992382', '718.00', 'Euro', 'ACTIVE', 63),
(64, '2023-06-10 22:45:24.000000', NULL, '2022-11-18 03:51:10.000000', NULL, '4868212126458', '417.00', 'Euro', 'ACTIVE', 64),
(65, '2023-02-17 10:27:29.000000', NULL, '2022-12-15 21:45:08.000000', NULL, '6771671913843100', '67.00', 'Euro', 'ACTIVE', 65),
(66, '2023-03-19 01:57:59.000000', NULL, '2022-09-28 09:46:18.000000', NULL, '5602224568072513', '815.00', 'Euro', 'ACTIVE', 66),
(67, '2022-12-21 07:09:40.000000', NULL, '2022-08-23 14:14:25.000000', NULL, '6709328143043228181', '489.00', 'Euro', 'ACTIVE', 67),
(68, '2022-10-30 11:10:06.000000', NULL, '2023-03-07 01:29:39.000000', NULL, '5108754916688841', '415.00', 'Euro', 'ACTIVE', 68),
(69, '2023-04-04 02:01:10.000000', NULL, '2022-09-16 18:04:50.000000', NULL, '5100170741109739', '653.00', 'Euro', 'ACTIVE', 69),
(70, '2022-11-04 04:48:29.000000', NULL, '2023-02-21 09:35:58.000000', NULL, '374288532117032', '739.00', 'Euro', 'ACTIVE', 70),
(71, '2022-09-09 08:48:26.000000', NULL, '2022-09-02 08:04:00.000000', NULL, '5602210542170267', '506.00', 'Euro', 'ACTIVE', 71),
(72, '2023-06-11 21:04:25.000000', NULL, '2022-08-27 09:02:34.000000', NULL, '5020576383324909495', '926.00', 'Euro', 'ACTIVE', 72),
(73, '2022-09-24 08:52:10.000000', NULL, '2022-07-22 17:41:47.000000', NULL, '4917758254998203', '847.00', 'Euro', 'ACTIVE', 73),
(74, '2022-10-04 07:07:57.000000', NULL, '2023-04-04 10:27:01.000000', NULL, '4808063957023', '758.00', 'Euro', 'ACTIVE', 74),
(75, '2023-05-24 06:04:38.000000', NULL, '2022-12-23 02:52:47.000000', NULL, '4041372649935265', '866.00', 'Euro', 'ACTIVE', 75),
(76, '2023-05-01 18:20:39.000000', NULL, '2022-09-26 18:34:47.000000', NULL, '4175006609564669', '379.00', 'Euro', 'ACTIVE', 76),
(77, '2022-08-10 06:02:48.000000', NULL, '2023-01-27 08:22:18.000000', NULL, '630496136859053743', '89.00', 'Euro', 'ACTIVE', 77),
(78, '2022-11-10 14:14:35.000000', NULL, '2023-01-30 00:56:23.000000', NULL, '5010124686290227', '422.00', 'Euro', 'ACTIVE', 78),
(79, '2022-09-28 03:04:22.000000', NULL, '2022-10-13 10:58:53.000000', NULL, '4844388820288224', '435.00', 'Euro', 'ACTIVE', 79),
(80, '2022-07-09 00:44:51.000000', NULL, '2023-02-24 19:02:05.000000', NULL, '630498896860971781', '730.00', 'Euro', 'ACTIVE', 80),
(81, '2023-04-15 13:33:21.000000', NULL, '2023-02-06 19:58:23.000000', NULL, '378697894942926', '141.00', 'Euro', 'ACTIVE', 81),
(82, '2023-06-05 23:57:47.000000', NULL, '2023-01-28 17:00:44.000000', NULL, '4041373663756', '696.00', 'Euro', 'ACTIVE', 82),
(83, '2023-03-02 14:29:23.000000', NULL, '2023-05-20 04:18:21.000000', NULL, '670952256437788421', '993.00', 'Euro', 'ACTIVE', 83),
(84, '2023-02-11 07:46:39.000000', NULL, '2023-05-09 09:07:37.000000', NULL, '4508155970706470', '492.00', 'Euro', 'ACTIVE', 84),
(85, '2022-10-09 18:27:07.000000', NULL, '2022-07-23 22:11:30.000000', NULL, '4844267346574822', '180.00', 'Euro', 'ACTIVE', 85),
(86, '2023-04-15 07:37:36.000000', NULL, '2022-07-02 17:34:50.000000', NULL, '337941921981337', '209.00', 'Euro', 'ACTIVE', 86),
(87, '2023-01-02 04:39:23.000000', NULL, '2023-05-25 09:58:37.000000', NULL, '4041374708253', '824.00', 'Euro', 'ACTIVE', 87),
(88, '2023-05-06 16:08:06.000000', NULL, '2022-10-28 00:01:20.000000', NULL, '5002359097020082', '977.00', 'Euro', 'ACTIVE', 88),
(89, '2022-12-20 19:42:42.000000', NULL, '2023-05-23 14:46:00.000000', NULL, '5048375222659251', '471.00', 'Euro', 'ACTIVE', 89),
(90, '2023-02-19 05:05:51.000000', NULL, '2022-12-16 02:12:59.000000', NULL, '630470037007318287', '785.00', 'Euro', 'ACTIVE', 90),
(91, '2022-08-26 09:50:20.000000', NULL, '2022-11-02 12:51:41.000000', NULL, '4026416941024853', '399.00', 'Euro', 'ACTIVE', 91),
(92, '2022-12-12 01:27:54.000000', NULL, '2022-07-20 02:07:06.000000', NULL, '337941946043840', '778.00', 'Euro', 'ACTIVE', 92),
(93, '2022-10-12 22:53:22.000000', NULL, '2022-07-20 12:42:33.000000', NULL, '347465220182478', '921.00', 'Euro', 'ACTIVE', 93),
(94, '2022-09-23 13:09:48.000000', NULL, '2022-12-05 10:16:27.000000', NULL, '5557589114119850', '558.00', 'Euro', 'ACTIVE', 94),
(95, '2022-10-31 15:42:01.000000', NULL, '2022-12-19 15:27:08.000000', NULL, '4508107314595515', '643.00', 'Euro', 'ACTIVE', 95),
(96, '2022-08-06 11:29:11.000000', NULL, '2022-12-23 21:36:31.000000', NULL, '5602246008385627', '821.00', 'Euro', 'ACTIVE', 96),
(97, '2023-06-09 08:51:04.000000', NULL, '2022-11-04 22:07:24.000000', NULL, '374288611061614', '804.00', 'Euro', 'ACTIVE', 97),
(98, '2022-09-16 10:18:28.000000', NULL, '2022-12-31 22:38:32.000000', NULL, '4017954181525917', '569.00', 'Euro', 'ACTIVE', 98),
(99, '2022-12-27 17:39:02.000000', NULL, '2023-05-29 14:35:44.000000', NULL, '6304374576689437082', '503.00', 'Euro', 'ACTIVE', 99),
(100, '2023-01-30 14:45:59.000000', NULL, '2022-08-30 15:02:49.000000', NULL, '4532502102518', '517.00', 'Euro', 'ACTIVE', 100),
(101, '2022-07-16 11:47:47.000000', NULL, '2022-09-21 00:42:25.000000', NULL, '0604571565041857780', '883.00', 'Euro', 'ACTIVE', 101),
(102, '2022-10-31 22:49:11.000000', NULL, '2022-08-03 17:05:50.000000', NULL, '589331671596285007', '205.00', 'Euro', 'ACTIVE', 102),
(103, '2022-12-06 06:52:09.000000', NULL, '2022-11-11 14:17:24.000000', NULL, '4493804253503867', '731.00', 'Euro', 'ACTIVE', 103),
(104, '2023-04-14 13:48:26.000000', NULL, '2022-11-06 01:43:51.000000', NULL, '4913620997713733', '419.00', 'Euro', 'ACTIVE', 104),
(105, '2022-07-15 02:22:14.000000', NULL, '2022-08-25 13:56:28.000000', NULL, '4767109917450', '854.00', 'Euro', 'ACTIVE', 105),
(106, '2023-02-13 04:25:58.000000', NULL, '2023-03-14 22:48:59.000000', NULL, '4026403483586200', '254.00', 'Euro', 'ACTIVE', 106),
(107, '2023-05-07 10:19:45.000000', NULL, '2022-09-17 03:46:49.000000', NULL, '670652438829700528', '573.00', 'Euro', 'ACTIVE', 107),
(108, '2023-01-08 23:28:36.000000', NULL, '2022-09-11 00:29:48.000000', NULL, '4289790493170', '73.00', 'Euro', 'ACTIVE', 108),
(109, '2022-12-19 10:41:49.000000', NULL, '2023-05-28 23:02:41.000000', NULL, '5020895144754601', '92.00', 'Euro', 'ACTIVE', 109),
(110, '2022-07-11 03:55:27.000000', NULL, '2023-01-29 21:03:27.000000', NULL, '5602235903186263', '293.00', 'Euro', 'ACTIVE', 110),
(111, '2022-12-22 22:39:24.000000', NULL, '2022-07-27 17:23:53.000000', NULL, '5602218462710103', '56.00', 'Euro', 'ACTIVE', 111),
(112, '2023-03-17 12:29:48.000000', NULL, '2023-04-06 01:06:51.000000', NULL, '5108754697735415', '108.00', 'Euro', 'ACTIVE', 112),
(113, '2022-10-28 17:32:52.000000', NULL, '2023-04-04 10:59:55.000000', NULL, '337941397347393', '231.00', 'Euro', 'ACTIVE', 113),
(114, '2022-10-12 02:34:02.000000', NULL, '2023-03-03 10:03:22.000000', NULL, '374288893020031', '321.00', 'Euro', 'ACTIVE', 114),
(115, '2022-08-23 20:11:10.000000', NULL, '2022-08-14 19:14:33.000000', NULL, '67066635495280359', '436.00', 'Euro', 'ACTIVE', 115),
(116, '2023-06-19 06:51:26.000000', NULL, '2023-01-04 00:47:12.000000', NULL, '67717607116312880', '816.00', 'Euro', 'ACTIVE', 116),
(117, '2022-06-26 16:00:35.000000', NULL, '2023-01-04 19:24:03.000000', NULL, '5602251864322151', '821.00', 'Euro', 'ACTIVE', 117),
(118, '2023-02-07 02:35:10.000000', NULL, '2023-02-07 05:10:32.000000', NULL, '5602224275664248', '889.00', 'Euro', 'ACTIVE', 118),
(119, '2023-03-13 09:19:44.000000', NULL, '2023-03-12 01:50:10.000000', NULL, '4917318438038481', '434.00', 'Euro', 'ACTIVE', 119),
(120, '2023-05-12 10:12:07.000000', NULL, '2023-04-23 22:06:10.000000', NULL, '5038201849015048376', '702.00', 'Euro', 'ACTIVE', 120),
(121, '2023-05-26 23:22:19.000000', NULL, '2023-03-06 12:18:31.000000', NULL, '4405892607469064', '342.00', 'Euro', 'ACTIVE', 121),
(122, '2023-02-10 08:19:35.000000', NULL, '2023-05-12 14:29:03.000000', NULL, '5602258633673780', '110.00', 'Euro', 'ACTIVE', 122),
(123, '2023-02-27 00:10:04.000000', NULL, '2023-03-12 05:05:55.000000', NULL, '630440148364138999', '557.00', 'Euro', 'ACTIVE', 123),
(124, '2022-08-14 08:07:34.000000', NULL, '2023-01-20 15:07:11.000000', NULL, '373861777685656', '595.00', 'Euro', 'ACTIVE', 124),
(125, '2023-05-22 23:17:32.000000', NULL, '2022-09-02 03:42:28.000000', NULL, '4041371062131691', '286.00', 'Euro', 'ACTIVE', 125),
(126, '2023-05-02 08:05:04.000000', NULL, '2022-06-24 12:27:20.000000', NULL, '337941328733810', '804.00', 'Euro', 'ACTIVE', 126),
(127, '2022-08-21 11:45:09.000000', NULL, '2022-11-26 22:12:10.000000', NULL, '4017951915536814', '859.00', 'Euro', 'ACTIVE', 127),
(128, '2023-03-14 00:22:09.000000', NULL, '2023-02-17 11:36:48.000000', NULL, '6304932028730731', '929.00', 'Euro', 'ACTIVE', 128),
(129, '2023-03-26 05:10:03.000000', NULL, '2023-01-24 13:12:28.000000', NULL, '67711215947964485', '791.00', 'Euro', 'ACTIVE', 129),
(130, '2023-06-19 05:00:33.000000', NULL, '2022-08-30 04:30:31.000000', NULL, '371500631942513', '319.00', 'Euro', 'ACTIVE', 130),
(131, '2022-09-14 10:42:33.000000', NULL, '2022-08-16 03:23:53.000000', NULL, '4405577980239701', '600.00', 'Euro', 'ACTIVE', 131),
(132, '2022-10-17 16:45:34.000000', NULL, '2023-01-18 04:00:31.000000', NULL, '4017951597509', '648.00', 'Euro', 'ACTIVE', 132),
(133, '2022-09-30 15:03:31.000000', NULL, '2023-01-27 22:25:38.000000', NULL, '6709723881832529', '550.00', 'Euro', 'ACTIVE', 133),
(134, '2022-08-01 09:54:43.000000', NULL, '2022-09-26 08:38:05.000000', NULL, '67719871280332920', '230.00', 'Euro', 'ACTIVE', 134),
(135, '2022-08-15 17:33:54.000000', NULL, '2023-01-01 07:30:34.000000', NULL, '5602245093376442', '74.00', 'Euro', 'ACTIVE', 135),
(136, '2023-04-06 01:32:57.000000', NULL, '2022-08-02 21:47:12.000000', NULL, '4155616565758', '807.00', 'Euro', 'ACTIVE', 136),
(137, '2023-03-24 11:00:57.000000', NULL, '2023-01-07 09:21:52.000000', NULL, '501886613539512463', '558.00', 'Euro', 'ACTIVE', 137),
(138, '2022-10-04 09:54:46.000000', NULL, '2022-08-09 23:51:13.000000', NULL, '5602245765749785', '891.00', 'Euro', 'ACTIVE', 138),
(139, '2023-05-11 05:44:38.000000', NULL, '2022-10-26 13:59:16.000000', NULL, '4041376640042799', '366.00', 'Euro', 'ACTIVE', 139),
(140, '2022-09-16 00:59:31.000000', NULL, '2023-03-03 19:47:05.000000', NULL, '374283443293089', '124.00', 'Euro', 'ACTIVE', 140),
(141, '2022-12-23 05:54:40.000000', NULL, '2022-06-29 11:11:09.000000', NULL, '5610924478907795', '968.00', 'Euro', 'ACTIVE', 141),
(142, '2022-07-09 10:46:36.000000', NULL, '2023-04-14 22:08:22.000000', NULL, '50200781244003768', '231.00', 'Euro', 'ACTIVE', 142),
(143, '2022-09-08 18:14:24.000000', NULL, '2022-12-18 23:36:55.000000', NULL, '06042216945545720', '662.00', 'Euro', 'ACTIVE', 143),
(144, '2023-05-24 17:49:29.000000', NULL, '2022-10-14 05:42:55.000000', NULL, '4508204506911715', '341.00', 'Euro', 'ACTIVE', 144),
(145, '2023-02-19 11:06:31.000000', NULL, '2022-09-01 12:14:54.000000', NULL, '4917478799157823', '850.00', 'Euro', 'ACTIVE', 145),
(146, '2022-07-02 04:41:02.000000', NULL, '2022-12-26 13:23:12.000000', NULL, '5467005521778401', '219.00', 'Euro', 'ACTIVE', 146),
(147, '2023-03-10 04:03:57.000000', NULL, '2023-03-16 09:00:27.000000', NULL, '5602228920906359', '541.00', 'Euro', 'ACTIVE', 147),
(148, '2023-06-16 10:32:31.000000', NULL, '2023-01-20 16:04:24.000000', NULL, '5018028065172176982', '599.00', 'Euro', 'ACTIVE', 148),
(149, '2023-03-02 10:38:58.000000', NULL, '2022-09-22 13:28:54.000000', NULL, '6304431853302880', '107.00', 'Euro', 'ACTIVE', 149),
(150, '2022-11-26 14:25:56.000000', NULL, '2022-11-14 15:20:02.000000', NULL, '4041595183581901', '99.00', 'Euro', 'ACTIVE', 150),
(151, '2023-01-24 19:04:52.000000', NULL, '2023-01-10 01:50:26.000000', NULL, '630403560258456888', '293.00', 'Euro', 'ACTIVE', 151),
(152, '2022-08-08 17:48:05.000000', NULL, '2023-04-02 23:19:07.000000', NULL, '6762279302017405369', '370.00', 'Euro', 'ACTIVE', 152),
(153, '2023-02-01 07:24:38.000000', NULL, '2023-03-14 20:14:56.000000', NULL, '6771793106881980706', '337.00', 'Euro', 'ACTIVE', 153),
(154, '2022-07-13 06:01:51.000000', NULL, '2022-10-17 02:45:31.000000', NULL, '4844971751106307', '358.00', 'Euro', 'ACTIVE', 154),
(155, '2022-12-01 17:35:02.000000', NULL, '2022-10-20 21:16:56.000000', NULL, '4026022956068726', '725.00', 'Euro', 'ACTIVE', 155),
(156, '2022-12-30 20:38:41.000000', NULL, '2022-09-29 23:16:34.000000', NULL, '4017953527587', '83.00', 'Euro', 'ACTIVE', 156),
(157, '2023-05-12 18:22:42.000000', NULL, '2022-10-26 08:18:59.000000', NULL, '374288030278849', '795.00', 'Euro', 'ACTIVE', 157),
(158, '2023-05-13 14:42:54.000000', NULL, '2022-11-12 12:53:47.000000', NULL, '4508062375953428', '596.00', 'Euro', 'ACTIVE', 158),
(159, '2022-07-31 13:07:35.000000', NULL, '2023-05-28 18:18:39.000000', NULL, '337941361329534', '215.00', 'Euro', 'ACTIVE', 159),
(160, '2022-10-13 15:47:55.000000', NULL, '2022-07-24 14:20:59.000000', NULL, '589359736075184505', '159.00', 'Euro', 'ACTIVE', 160),
(161, '2022-07-10 06:35:04.000000', NULL, '2023-04-17 13:55:54.000000', NULL, '349175201834298', '772.00', 'Euro', 'ACTIVE', 161),
(162, '2023-04-02 20:14:45.000000', NULL, '2023-05-16 07:24:13.000000', NULL, '5100132856653729', '781.00', 'Euro', 'ACTIVE', 162),
(163, '2023-05-28 16:06:08.000000', NULL, '2022-12-23 13:30:46.000000', NULL, '5602218842673658', '833.00', 'Euro', 'ACTIVE', 163),
(164, '2022-06-25 18:49:22.000000', NULL, '2022-11-20 00:14:49.000000', NULL, '5002352218191692', '201.00', 'Euro', 'ACTIVE', 164),
(165, '2022-10-07 20:50:15.000000', NULL, '2023-04-02 12:39:15.000000', NULL, '4405263630456199', '268.00', 'Euro', 'ACTIVE', 165),
(166, '2023-06-16 11:10:50.000000', NULL, '2023-01-28 03:14:48.000000', NULL, '5100146339146879', '325.00', 'Euro', 'ACTIVE', 166),
(167, '2022-10-04 07:13:26.000000', NULL, '2022-08-21 03:26:14.000000', NULL, '5002352108403520', '717.00', 'Euro', 'ACTIVE', 167),
(168, '2022-12-31 12:11:36.000000', NULL, '2023-06-08 18:10:52.000000', NULL, '5602220524138885', '65.00', 'Euro', 'ACTIVE', 168),
(169, '2023-04-18 17:28:38.000000', NULL, '2023-01-25 22:27:51.000000', NULL, '372854402829121', '619.00', 'Euro', 'ACTIVE', 169),
(170, '2023-05-21 05:08:30.000000', NULL, '2023-06-11 02:26:02.000000', NULL, '630479522564224730', '99.00', 'Euro', 'ACTIVE', 170),
(171, '2023-04-25 00:46:05.000000', NULL, '2023-04-10 22:58:08.000000', NULL, '4041590488866321', '67.00', 'Euro', 'ACTIVE', 171),
(172, '2023-03-27 15:18:44.000000', NULL, '2022-11-26 10:51:25.000000', NULL, '4661112367102', '890.00', 'Euro', 'ACTIVE', 172),
(173, '2023-05-07 00:41:47.000000', NULL, '2022-09-09 16:42:54.000000', NULL, '5100172765068486', '380.00', 'Euro', 'ACTIVE', 173),
(174, '2022-11-15 02:49:14.000000', NULL, '2023-04-19 09:14:00.000000', NULL, '4844026380457488', '158.00', 'Euro', 'ACTIVE', 174),
(175, '2022-08-05 15:50:13.000000', NULL, '2022-09-22 15:35:58.000000', NULL, '6304670106561371331', '584.00', 'Euro', 'ACTIVE', 175),
(176, '2023-03-31 18:16:28.000000', NULL, '2022-12-30 13:03:54.000000', NULL, '67635642315376161', '974.00', 'Euro', 'ACTIVE', 176),
(177, '2022-08-04 18:57:47.000000', NULL, '2023-01-04 13:28:04.000000', NULL, '5567256583723426', '614.00', 'Euro', 'ACTIVE', 177),
(178, '2023-03-11 20:34:22.000000', NULL, '2022-08-22 23:57:41.000000', NULL, '5602223960867108', '322.00', 'Euro', 'ACTIVE', 178),
(179, '2023-03-27 00:25:37.000000', NULL, '2023-06-02 14:44:03.000000', NULL, '374283152077012', '793.00', 'Euro', 'ACTIVE', 179),
(180, '2022-12-03 03:35:38.000000', NULL, '2023-04-13 20:54:27.000000', NULL, '6771135533982821', '799.00', 'Euro', 'ACTIVE', 180),
(181, '2023-06-11 06:40:22.000000', NULL, '2022-08-25 00:56:31.000000', NULL, '378223074519010', '897.00', 'Euro', 'ACTIVE', 181),
(182, '2022-10-05 20:24:15.000000', NULL, '2023-02-15 21:39:16.000000', NULL, '6709596353256819', '304.00', 'Euro', 'ACTIVE', 182),
(183, '2023-06-17 05:51:11.000000', NULL, '2023-03-07 13:55:13.000000', NULL, '344041072528952', '207.00', 'Euro', 'ACTIVE', 183),
(184, '2023-04-18 05:24:03.000000', NULL, '2023-04-27 04:42:58.000000', NULL, '343349193487565', '885.00', 'Euro', 'ACTIVE', 184),
(185, '2022-09-11 02:45:59.000000', NULL, '2022-06-28 09:39:05.000000', NULL, '4913634122037397', '741.00', 'Euro', 'ACTIVE', 185),
(186, '2022-07-16 11:49:22.000000', NULL, '2023-01-22 10:17:30.000000', NULL, '4508955191207061', '486.00', 'Euro', 'ACTIVE', 186),
(187, '2022-10-29 23:20:22.000000', NULL, '2023-04-16 19:39:19.000000', NULL, '337941203376255', '405.00', 'Euro', 'ACTIVE', 187),
(188, '2022-09-17 05:06:57.000000', NULL, '2022-09-18 04:42:30.000000', NULL, '5038706621461778', '468.00', 'Euro', 'ACTIVE', 188),
(189, '2022-07-07 13:55:47.000000', NULL, '2023-02-22 06:48:58.000000', NULL, '630437447689079523', '118.00', 'Euro', 'ACTIVE', 189),
(190, '2023-01-02 22:34:09.000000', NULL, '2023-01-02 19:31:37.000000', NULL, '5540479104975992', '562.00', 'Euro', 'ACTIVE', 190),
(191, '2023-04-07 08:47:15.000000', NULL, '2022-09-14 01:45:44.000000', NULL, '6709668461735149', '864.00', 'Euro', 'ACTIVE', 191),
(192, '2023-06-08 08:52:27.000000', NULL, '2022-12-18 01:18:40.000000', NULL, '4041371149758', '462.00', 'Euro', 'ACTIVE', 192),
(193, '2022-07-15 06:42:24.000000', NULL, '2022-10-10 06:31:06.000000', NULL, '4917563131513328', '395.00', 'Euro', 'ACTIVE', 193),
(194, '2022-08-29 03:13:58.000000', NULL, '2022-09-25 13:17:06.000000', NULL, '5100137366832291', '852.00', 'Euro', 'ACTIVE', 194),
(195, '2022-11-18 10:20:48.000000', NULL, '2023-01-12 18:55:48.000000', NULL, '344796813790720', '871.00', 'Euro', 'ACTIVE', 195),
(196, '2022-09-10 03:21:58.000000', NULL, '2023-03-19 15:49:47.000000', NULL, '4017950581793', '338.00', 'Euro', 'ACTIVE', 196),
(197, '2023-01-18 22:55:35.000000', NULL, '2022-08-16 06:27:39.000000', NULL, '67596517587921422', '803.00', 'Euro', 'ACTIVE', 197),
(198, '2022-07-23 13:33:31.000000', NULL, '2022-09-09 23:37:47.000000', NULL, '6762535306793797931', '864.00', 'Euro', 'ACTIVE', 198),
(199, '2023-04-08 20:57:50.000000', NULL, '2023-05-15 22:50:07.000000', NULL, '374283354444176', '81.00', 'Euro', 'ACTIVE', 199),
(200, '2023-06-22 11:06:53.000000', NULL, '2022-08-29 00:14:04.000000', NULL, '5602226229370988', '869.00', 'Euro', 'ACTIVE', 200),
(201, '2022-10-23 02:40:15.000000', NULL, '2023-05-21 23:10:45.000000', NULL, '4017958867145', '611.00', 'Euro', 'ACTIVE', 201),
(202, '2022-11-17 23:28:46.000000', NULL, '2022-08-11 16:21:44.000000', NULL, '4041592799845', '128.00', 'Euro', 'ACTIVE', 202),
(204, '2023-06-25 13:35:38.466534', NULL, '2023-06-25 13:35:38.466534', NULL, 'ACCT007205', '0.00', 'Euro', 'ACTIVE', NULL),
(205, '2023-06-25 13:38:12.588904', NULL, '2023-06-25 13:38:12.588904', NULL, 'ACCT001869', '0.00', 'Euro', 'ACTIVE', NULL),
(206, '2023-06-25 13:40:09.263457', NULL, '2023-06-25 13:40:09.263457', NULL, 'ACCT001477', '0.00', 'Euro', 'ACTIVE', NULL),
(207, '2023-06-25 13:41:51.084142', NULL, '2023-06-25 13:41:51.084142', NULL, 'ACCT008176', '0.00', 'Euro', 'ACTIVE', NULL),
(208, '2023-06-25 13:44:33.102755', NULL, '2023-06-25 13:44:33.102755', NULL, 'ACCT009530', '0.00', 'Euro', 'ACTIVE', NULL),
(209, '2023-06-25 14:01:05.837305', NULL, '2023-06-25 14:01:05.837305', NULL, 'ACCT009484', '0.00', 'Euro', 'ACTIVE', NULL);

-- --------------------------------------------------------

--
-- Structure de la table `bank`
--

CREATE TABLE `bank` (
  `id` bigint(20) NOT NULL,
  `address` varchar(255) DEFAULT NULL,
  `city` varchar(255) DEFAULT NULL,
  `name` varchar(255) DEFAULT NULL,
  `zip` varchar(255) DEFAULT NULL
) ENGINE=InnoDB DEFAULT CHARSET=utf8;

--
-- Déchargement des données de la table `bank`
--

INSERT INTO `bank` (`id`, `address`, `city`, `name`, `zip`) VALUES
(1, '69334 Ludington Alley', 'Pampierstad', 'Société Générale', '1585'),
(2, '8269 Ruskin Avenue', 'El Coco', 'Banque Populaire', '19892'),
(3, '496 Carpenter Way', 'Slavs’ke', 'BNP Paribas', '59'),
(4, '3 Sugar Center', 'Peresvet', 'Banque Palatine', '3'),
(5, '389 Westerfield Street', 'Bandungsari', 'Crédit Agricole', '93'),
(6, '3136 North Junction', 'San Antonio', 'Crédit du Nord', '5'),
(7, '2 Hermina Point', 'Unaí', 'La Banque Postale', '1365'),
(8, '0 Namekagon Circle', 'Tambulig', 'Crédit Coopératif', '3345');

-- --------------------------------------------------------

--
-- Structure de la table `bank_account`
--

CREATE TABLE `bank_account` (
  `id` bigint(20) NOT NULL,
  `created_at` datetime(6) DEFAULT NULL,
  `created_by` varchar(50) DEFAULT NULL,
  `last_modified_at` datetime(6) DEFAULT NULL,
  `last_modified_by` varchar(50) DEFAULT NULL,
  `account_number` varchar(255) NOT NULL,
  `balance` double DEFAULT NULL,
  `currency` varchar(255) DEFAULT NULL,
  `status` varchar(255) DEFAULT NULL,
  `bank_id` bigint(20) DEFAULT NULL,
  `owner` bigint(20) DEFAULT NULL
) ENGINE=InnoDB DEFAULT CHARSET=utf8;

--
-- Déchargement des données de la table `bank_account`
--

INSERT INTO `bank_account` (`id`, `created_at`, `created_by`, `last_modified_at`, `last_modified_by`, `account_number`, `balance`, `currency`, `status`, `bank_id`, `owner`) VALUES
(1, '2023-08-10 13:01:07.985827', 'SCRIPT', '2023-08-10 13:01:07.985827', NULL, 'ACCT002768', 941.96, 'Euro', 'ACTIVE', 1, 1),
(2, '2023-08-10 13:01:08.092659', 'SCRIPT', '2023-08-10 13:01:08.092659', NULL, 'ACCT005222', 618, 'Euro', 'ACTIVE', 1, 2),
(3, '2023-08-10 13:01:08.133781', 'SCRIPT', '2023-08-10 13:01:08.133781', NULL, 'ACCT004487', 712, 'Euro', 'ACTIVE', 1, 3),
(4, '2023-08-10 13:01:08.162048', 'SCRIPT', '2023-08-10 13:01:08.162048', NULL, 'ACCT003293', 630, 'Euro', 'ACTIVE', 1, 4),
(5, '2023-08-10 13:01:08.192293', 'SCRIPT', '2023-08-10 13:01:08.192293', NULL, 'ACCT009226', 452, 'Euro', 'ACTIVE', 1, 5),
(6, '2023-08-10 13:01:08.230333', 'SCRIPT', '2023-08-10 13:01:08.230333', NULL, 'ACCT004794', 928, 'Euro', 'ACTIVE', 1, 6),
(7, '2023-08-10 13:01:08.271144', 'SCRIPT', '2023-08-10 13:01:08.271144', NULL, 'ACCT000761', 844, 'Euro', 'ACTIVE', 1, 7),
(8, '2023-08-10 13:01:08.331867', 'SCRIPT', '2023-08-10 13:01:08.331867', NULL, 'ACCT008858', 301, 'Euro', 'ACTIVE', 1, 8),
(9, '2023-08-10 13:01:08.391630', 'SCRIPT', '2023-08-10 13:01:08.391630', NULL, 'ACCT007841', 758, 'Euro', 'ACTIVE', 1, 9),
(10, '2023-08-10 13:01:08.434267', 'SCRIPT', '2023-08-10 13:01:08.434267', NULL, 'ACCT008433', 482, 'Euro', 'ACTIVE', 1, 10),
(11, '2023-08-10 13:01:08.488261', 'SCRIPT', '2023-08-10 13:01:08.488261', NULL, 'ACCT007602', 888, 'Euro', 'ACTIVE', 1, 11),
(12, '2023-08-10 13:01:08.552616', 'SCRIPT', '2023-08-10 13:01:08.552616', NULL, 'ACCT006149', 890, 'Euro', 'ACTIVE', 1, 12),
(13, '2023-08-10 13:01:08.621246', 'SCRIPT', '2023-08-10 13:01:08.621246', NULL, 'ACCT009092', 889, 'Euro', 'ACTIVE', 1, 13),
(14, '2023-08-10 13:01:08.682870', 'SCRIPT', '2023-08-10 13:01:08.682870', NULL, 'ACCT002253', 367, 'Euro', 'ACTIVE', 1, 14),
(15, '2023-08-10 13:01:08.778253', 'SCRIPT', '2023-08-10 13:01:08.778253', NULL, 'ACCT006961', 101, 'Euro', 'ACTIVE', 1, 15),
(16, '2023-08-10 13:01:08.864655', 'SCRIPT', '2023-08-10 13:01:08.864655', NULL, 'ACCT001027', 159, 'Euro', 'ACTIVE', 1, 16),
(17, '2023-08-10 13:01:08.978458', 'SCRIPT', '2023-08-10 13:01:08.978458', NULL, 'ACCT006048', 468, 'Euro', 'ACTIVE', 1, 17),
(18, '2023-08-10 13:01:09.071351', 'SCRIPT', '2023-08-10 13:01:09.071351', NULL, 'ACCT001042', 871, 'Euro', 'ACTIVE', 1, 18),
(19, '2023-08-10 13:01:09.185896', 'SCRIPT', '2023-08-10 13:01:09.185896', NULL, 'ACCT001856', 183, 'Euro', 'ACTIVE', 1, 19),
(20, '2023-08-10 13:01:09.280777', 'SCRIPT', '2023-08-10 13:01:09.280777', NULL, 'ACCT009272', 808, 'Euro', 'ACTIVE', 1, 20),
(21, '2023-08-10 13:01:09.415191', 'SCRIPT', '2023-08-10 13:01:09.415191', NULL, 'ACCT005571', 270, 'Euro', 'ACTIVE', 1, 21),
(22, '2023-08-10 13:01:09.536508', 'SCRIPT', '2023-08-10 13:01:09.536508', NULL, 'ACCT004316', 521, 'Euro', 'ACTIVE', 1, 22),
(23, '2023-08-10 13:01:09.656093', 'SCRIPT', '2023-08-10 13:01:09.656093', NULL, 'ACCT008664', 983, 'Euro', 'ACTIVE', 1, 23),
(24, '2023-08-10 13:01:09.795637', 'SCRIPT', '2023-08-10 13:01:09.795637', NULL, 'ACCT009162', 526, 'Euro', 'ACTIVE', 1, 24),
(25, '2023-08-10 13:01:09.923763', 'SCRIPT', '2023-08-10 13:01:09.923763', NULL, 'ACCT002050', 133, 'Euro', 'ACTIVE', 1, 25),
(26, '2023-08-10 13:01:10.056141', 'SCRIPT', '2023-08-10 13:01:10.056141', NULL, 'ACCT005036', 885, 'Euro', 'ACTIVE', 1, 26),
(27, '2023-08-10 13:01:10.199421', 'SCRIPT', '2023-08-10 13:01:10.199421', NULL, 'ACCT005914', 144, 'Euro', 'ACTIVE', 1, 27),
(28, '2023-08-10 13:01:10.339234', 'SCRIPT', '2023-08-10 13:01:10.339234', NULL, 'ACCT007795', 776, 'Euro', 'ACTIVE', 1, 28),
(29, '2023-08-10 13:01:10.490579', 'SCRIPT', '2023-08-10 13:01:10.490579', NULL, 'ACCT002273', 951, 'Euro', 'ACTIVE', 1, 29),
(30, '2023-08-10 13:01:10.637548', 'SCRIPT', '2023-08-10 13:01:10.637548', NULL, 'ACCT001062', 67, 'Euro', 'ACTIVE', 1, 30),
(31, '2023-08-10 13:01:10.787501', 'SCRIPT', '2023-08-10 13:01:10.787501', NULL, 'ACCT002975', 219, 'Euro', 'ACTIVE', 1, 31),
(32, '2023-08-10 13:01:10.945572', 'SCRIPT', '2023-08-10 13:01:10.945572', NULL, 'ACCT001372', 605, 'Euro', 'ACTIVE', 1, 32),
(33, '2023-08-10 13:01:11.123311', 'SCRIPT', '2023-08-10 13:01:11.123311', NULL, 'ACCT000618', 660, 'Euro', 'ACTIVE', 1, 33),
(34, '2023-08-10 13:01:11.293158', 'SCRIPT', '2023-08-10 13:01:11.293158', NULL, 'ACCT003085', 441, 'Euro', 'ACTIVE', 1, 34),
(35, '2023-08-10 13:01:11.477007', 'SCRIPT', '2023-08-10 13:01:11.477007', NULL, 'ACCT003967', 826, 'Euro', 'ACTIVE', 1, 35),
(36, '2023-08-10 13:01:11.652385', 'SCRIPT', '2023-08-10 13:01:11.652385', NULL, 'ACCT007424', 685, 'Euro', 'ACTIVE', 1, 36),
(37, '2023-08-10 13:01:11.829251', 'SCRIPT', '2023-08-10 13:01:11.829251', NULL, 'ACCT009077', 821, 'Euro', 'ACTIVE', 1, 37),
(38, '2023-08-10 13:01:11.989089', 'SCRIPT', '2023-08-10 13:01:11.989089', NULL, 'ACCT002581', 555, 'Euro', 'ACTIVE', 1, 38),
(39, '2023-08-10 13:01:12.174374', 'SCRIPT', '2023-08-10 13:01:12.174374', NULL, 'ACCT007124', 379, 'Euro', 'ACTIVE', 1, 39),
(40, '2023-08-10 13:01:12.362071', 'SCRIPT', '2023-08-10 13:01:12.362071', NULL, 'ACCT001694', 163, 'Euro', 'ACTIVE', 1, 40),
(41, '2023-08-10 13:01:12.547269', 'SCRIPT', '2023-08-10 13:01:12.547269', NULL, 'ACCT006675', 84, 'Euro', 'ACTIVE', 1, 41),
(42, '2023-08-10 13:01:12.726110', 'SCRIPT', '2023-08-10 13:01:12.726110', NULL, 'ACCT008624', 798, 'Euro', 'ACTIVE', 1, 42),
(43, '2023-08-10 13:01:12.929267', 'SCRIPT', '2023-08-10 13:01:12.929267', NULL, 'ACCT009008', 677, 'Euro', 'ACTIVE', 1, 43),
(44, '2023-08-10 13:01:13.111835', 'SCRIPT', '2023-08-10 13:01:13.111835', NULL, 'ACCT007398', 833, 'Euro', 'ACTIVE', 1, 44),
(45, '2023-08-10 13:01:13.312377', 'SCRIPT', '2023-08-10 13:01:13.312377', NULL, 'ACCT008457', 728, 'Euro', 'ACTIVE', 1, 45),
(46, '2023-08-10 13:01:13.535212', 'SCRIPT', '2023-08-10 13:01:13.535212', NULL, 'ACCT007661', 278, 'Euro', 'ACTIVE', 1, 46),
(47, '2023-08-10 13:01:13.728233', 'SCRIPT', '2023-08-10 13:01:13.728233', NULL, 'ACCT001535', 683, 'Euro', 'ACTIVE', 1, 47),
(48, '2023-08-10 13:01:13.934765', 'SCRIPT', '2023-08-10 13:01:13.934765', NULL, 'ACCT006686', 622, 'Euro', 'ACTIVE', 1, 48),
(49, '2023-08-10 13:01:14.145595', 'SCRIPT', '2023-08-10 13:01:14.145595', NULL, 'ACCT009523', 346, 'Euro', 'ACTIVE', 1, 49),
(50, '2023-08-10 13:01:14.353429', 'SCRIPT', '2023-08-10 13:01:14.353429', NULL, 'ACCT004334', 493, 'Euro', 'ACTIVE', 1, 50),
(51, '2023-08-10 13:01:14.561078', 'SCRIPT', '2023-08-10 13:01:14.561078', NULL, 'ACCT008734', 732, 'Euro', 'ACTIVE', 1, 51),
(52, '2023-08-10 13:01:14.770438', 'SCRIPT', '2023-08-10 13:01:14.770438', NULL, 'ACCT008776', 423, 'Euro', 'ACTIVE', 1, 52),
(53, '2023-08-10 13:01:15.029115', 'SCRIPT', '2023-08-10 13:01:15.029115', NULL, 'ACCT007926', 379, 'Euro', 'ACTIVE', 1, 53),
(54, '2023-08-10 13:01:15.280113', 'SCRIPT', '2023-08-10 13:01:15.280113', NULL, 'ACCT009005', 125, 'Euro', 'ACTIVE', 1, 54),
(55, '2023-08-10 13:01:15.534276', 'SCRIPT', '2023-08-10 13:01:15.534276', NULL, 'ACCT005521', 364, 'Euro', 'ACTIVE', 1, 55),
(56, '2023-08-10 13:01:15.807123', 'SCRIPT', '2023-08-10 13:01:15.807123', NULL, 'ACCT000537', 568, 'Euro', 'ACTIVE', 1, 56),
(57, '2023-08-10 13:01:16.053145', 'SCRIPT', '2023-08-10 13:01:16.053145', NULL, 'ACCT005390', 604, 'Euro', 'ACTIVE', 1, 57),
(58, '2023-08-10 13:01:16.296718', 'SCRIPT', '2023-08-10 13:01:16.296718', NULL, 'ACCT007914', 233, 'Euro', 'ACTIVE', 1, 58),
(59, '2023-08-10 13:01:16.565378', 'SCRIPT', '2023-08-10 13:01:16.565378', NULL, 'ACCT007221', 177, 'Euro', 'ACTIVE', 1, 59),
(60, '2023-08-10 13:01:16.845217', 'SCRIPT', '2023-08-10 13:01:16.845217', NULL, 'ACCT006917', 676, 'Euro', 'ACTIVE', 1, 60),
(61, '2023-08-10 13:01:17.105050', 'SCRIPT', '2023-08-10 13:01:17.105050', NULL, 'ACCT002163', 298, 'Euro', 'ACTIVE', 1, 61),
(62, '2023-08-10 13:01:17.370849', 'SCRIPT', '2023-08-10 13:01:17.370849', NULL, 'ACCT003626', 107, 'Euro', 'ACTIVE', 1, 62),
(63, '2023-08-10 13:01:17.664569', 'SCRIPT', '2023-08-10 13:01:17.664569', NULL, 'ACCT006094', 718, 'Euro', 'ACTIVE', 1, 63),
(64, '2023-08-10 13:01:17.950243', 'SCRIPT', '2023-08-10 13:01:17.950243', NULL, 'ACCT005315', 417, 'Euro', 'ACTIVE', 1, 64),
(65, '2023-08-10 13:01:18.250146', 'SCRIPT', '2023-08-10 13:01:18.250146', NULL, 'ACCT006290', 67, 'Euro', 'ACTIVE', 1, 65),
(66, '2023-08-10 13:01:18.525678', 'SCRIPT', '2023-08-10 13:01:18.525678', NULL, 'ACCT003895', 815, 'Euro', 'ACTIVE', 1, 66),
(67, '2023-08-10 13:01:18.789394', 'SCRIPT', '2023-08-10 13:01:18.789394', NULL, 'ACCT002023', 489, 'Euro', 'ACTIVE', 1, 67),
(68, '2023-08-10 13:01:19.092108', 'SCRIPT', '2023-08-10 13:01:19.092108', NULL, 'ACCT008537', 415, 'Euro', 'ACTIVE', 1, 68),
(69, '2023-08-10 13:01:19.367399', 'SCRIPT', '2023-08-10 13:01:19.367399', NULL, 'ACCT002227', 653, 'Euro', 'ACTIVE', 1, 69),
(70, '2023-08-10 13:01:19.656725', 'SCRIPT', '2023-08-10 13:01:19.656725', NULL, 'ACCT002022', 739, 'Euro', 'ACTIVE', 1, 70),
(71, '2023-08-10 13:01:19.955044', 'SCRIPT', '2023-08-10 13:01:19.955044', NULL, 'ACCT004131', 506, 'Euro', 'ACTIVE', 1, 71),
(72, '2023-08-10 13:01:20.276779', 'SCRIPT', '2023-08-10 13:01:20.276779', NULL, 'ACCT003013', 926, 'Euro', 'ACTIVE', 1, 72),
(73, '2023-08-10 13:01:20.573527', 'SCRIPT', '2023-08-10 13:01:20.573527', NULL, 'ACCT003468', 847, 'Euro', 'ACTIVE', 1, 73),
(74, '2023-08-10 13:01:20.902563', 'SCRIPT', '2023-08-10 13:01:20.902563', NULL, 'ACCT007267', 758, 'Euro', 'ACTIVE', 1, 74),
(75, '2023-08-10 13:01:21.229723', 'SCRIPT', '2023-08-10 13:01:21.229723', NULL, 'ACCT000273', 866, 'Euro', 'ACTIVE', 1, 75),
(76, '2023-08-10 13:01:21.538610', 'SCRIPT', '2023-08-10 13:01:21.538610', NULL, 'ACCT007285', 379, 'Euro', 'ACTIVE', 1, 76),
(77, '2023-08-10 13:01:21.879390', 'SCRIPT', '2023-08-10 13:01:21.879390', NULL, 'ACCT009089', 89, 'Euro', 'ACTIVE', 1, 77),
(78, '2023-08-10 13:01:22.232416', 'SCRIPT', '2023-08-10 13:01:22.232416', NULL, 'ACCT003720', 422, 'Euro', 'ACTIVE', 1, 78),
(79, '2023-08-10 13:01:22.590415', 'SCRIPT', '2023-08-10 13:01:22.590415', NULL, 'ACCT000907', 435, 'Euro', 'ACTIVE', 1, 79),
(80, '2023-08-10 13:01:22.946356', 'SCRIPT', '2023-08-10 13:01:22.946356', NULL, 'ACCT009084', 730, 'Euro', 'ACTIVE', 1, 80),
(81, '2023-08-10 13:01:23.278322', 'SCRIPT', '2023-08-10 13:01:23.278322', NULL, 'ACCT002634', 141, 'Euro', 'ACTIVE', 1, 81),
(82, '2023-08-10 13:01:23.649117', 'SCRIPT', '2023-08-10 13:01:23.649117', NULL, 'ACCT001466', 696, 'Euro', 'ACTIVE', 1, 82),
(83, '2023-08-10 13:01:24.030220', 'SCRIPT', '2023-08-10 13:01:24.030220', NULL, 'ACCT008821', 993, 'Euro', 'ACTIVE', 1, 83),
(84, '2023-08-10 13:01:24.389944', 'SCRIPT', '2023-08-10 13:01:24.389944', NULL, 'ACCT007331', 492, 'Euro', 'ACTIVE', 1, 84),
(85, '2023-08-10 13:01:24.756578', 'SCRIPT', '2023-08-10 13:01:24.756578', NULL, 'ACCT006454', 180, 'Euro', 'ACTIVE', 1, 85),
(86, '2023-08-10 13:01:25.109611', 'SCRIPT', '2023-08-10 13:01:25.109611', NULL, 'ACCT002941', 209, 'Euro', 'ACTIVE', 1, 86),
(87, '2023-08-10 13:01:25.485257', 'SCRIPT', '2023-08-10 13:01:25.485257', NULL, 'ACCT006226', 824, 'Euro', 'ACTIVE', 1, 87),
(88, '2023-08-10 13:01:25.848509', 'SCRIPT', '2023-08-10 13:01:25.848509', NULL, 'ACCT009962', 977, 'Euro', 'ACTIVE', 1, 88),
(89, '2023-08-10 13:01:26.240729', 'SCRIPT', '2023-08-10 13:01:26.240729', NULL, 'ACCT007807', 471, 'Euro', 'ACTIVE', 1, 89),
(90, '2023-08-10 13:01:26.645305', 'SCRIPT', '2023-08-10 13:01:26.645305', NULL, 'ACCT009109', 785, 'Euro', 'ACTIVE', 1, 90),
(91, '2023-08-10 13:01:27.046677', 'SCRIPT', '2023-08-10 13:01:27.046677', NULL, 'ACCT003303', 399, 'Euro', 'ACTIVE', 1, 91),
(92, '2023-08-10 13:01:27.453573', 'SCRIPT', '2023-08-10 13:01:27.453573', NULL, 'ACCT006503', 778, 'Euro', 'ACTIVE', 1, 92),
(93, '2023-08-10 13:01:27.883652', 'SCRIPT', '2023-08-10 13:01:27.883652', NULL, 'ACCT008195', 921, 'Euro', 'ACTIVE', 1, 93),
(94, '2023-08-10 13:01:28.338689', 'SCRIPT', '2023-08-10 13:01:28.338689', NULL, 'ACCT009613', 558, 'Euro', 'ACTIVE', 1, 94),
(95, '2023-08-10 13:01:28.772339', 'SCRIPT', '2023-08-10 13:01:28.772339', NULL, 'ACCT004843', 643, 'Euro', 'ACTIVE', 1, 95),
(96, '2023-08-10 13:01:29.167386', 'SCRIPT', '2023-08-10 13:01:29.167386', NULL, 'ACCT007781', 821, 'Euro', 'ACTIVE', 1, 96),
(97, '2023-08-10 13:01:29.554459', 'SCRIPT', '2023-08-10 13:01:29.554459', NULL, 'ACCT005597', 804, 'Euro', 'ACTIVE', 1, 97),
(98, '2023-08-10 13:01:30.056789', 'SCRIPT', '2023-08-10 13:01:30.056789', NULL, 'ACCT000087', 569, 'Euro', 'ACTIVE', 1, 98),
(99, '2023-08-10 13:01:30.511377', 'SCRIPT', '2023-08-10 13:01:30.511377', NULL, 'ACCT009663', 503, 'Euro', 'ACTIVE', 1, 99),
(100, '2023-08-10 13:01:31.032964', 'SCRIPT', '2023-08-10 13:01:31.032964', NULL, 'ACCT005172', 517, 'Euro', 'ACTIVE', 1, 100),
(101, '2023-08-10 13:01:31.493142', 'SCRIPT', '2023-08-10 13:01:31.493142', NULL, 'ACCT007004', 883, 'Euro', 'ACTIVE', 1, 101),
(102, '2023-08-10 13:01:31.942902', 'SCRIPT', '2023-08-10 13:01:31.942902', NULL, 'ACCT006037', 205, 'Euro', 'ACTIVE', 1, 102),
(103, '2023-08-10 13:01:32.405243', 'SCRIPT', '2023-08-10 13:01:32.405243', NULL, 'ACCT004428', 731, 'Euro', 'ACTIVE', 1, 103),
(104, '2023-08-10 13:01:32.861725', 'SCRIPT', '2023-08-10 13:01:32.861725', NULL, 'ACCT003765', 419, 'Euro', 'ACTIVE', 1, 104),
(105, '2023-08-10 13:01:33.327529', 'SCRIPT', '2023-08-10 13:01:33.327529', NULL, 'ACCT005024', 854, 'Euro', 'ACTIVE', 1, 105),
(106, '2023-08-10 13:01:33.779325', 'SCRIPT', '2023-08-10 13:01:33.779325', NULL, 'ACCT008248', 254, 'Euro', 'ACTIVE', 1, 106),
(107, '2023-08-10 13:01:34.237483', 'SCRIPT', '2023-08-10 13:01:34.237483', NULL, 'ACCT001987', 573, 'Euro', 'ACTIVE', 1, 107),
(108, '2023-08-10 13:01:34.740448', 'SCRIPT', '2023-08-10 13:01:34.740448', NULL, 'ACCT005922', 73, 'Euro', 'ACTIVE', 1, 108),
(109, '2023-08-10 13:01:35.222358', 'SCRIPT', '2023-08-10 13:01:35.222358', NULL, 'ACCT000311', 92, 'Euro', 'ACTIVE', 1, 109),
(110, '2023-08-10 13:01:35.713634', 'SCRIPT', '2023-08-10 13:01:35.713634', NULL, 'ACCT006509', 293, 'Euro', 'ACTIVE', 1, 110),
(111, '2023-08-10 13:01:36.168412', 'SCRIPT', '2023-08-10 13:01:36.168412', NULL, 'ACCT009708', 56, 'Euro', 'ACTIVE', 1, 111),
(112, '2023-08-10 13:01:36.672750', 'SCRIPT', '2023-08-10 13:01:36.672750', NULL, 'ACCT008627', 108, 'Euro', 'ACTIVE', 1, 112),
(113, '2023-08-10 13:01:37.175210', 'SCRIPT', '2023-08-10 13:01:37.175210', NULL, 'ACCT005723', 231, 'Euro', 'ACTIVE', 1, 113),
(114, '2023-08-10 13:01:37.629389', 'SCRIPT', '2023-08-10 13:01:37.629389', NULL, 'ACCT009233', 321, 'Euro', 'ACTIVE', 1, 114),
(115, '2023-08-10 13:01:38.102082', 'SCRIPT', '2023-08-10 13:01:38.102082', NULL, 'ACCT003143', 436, 'Euro', 'ACTIVE', 1, 115),
(116, '2023-08-10 13:01:38.574132', 'SCRIPT', '2023-08-10 13:01:38.574132', NULL, 'ACCT002310', 816, 'Euro', 'ACTIVE', 1, 116),
(117, '2023-08-10 13:01:39.041403', 'SCRIPT', '2023-08-10 13:01:39.041403', NULL, 'ACCT009063', 821, 'Euro', 'ACTIVE', 1, 117),
(118, '2023-08-10 13:01:39.556154', 'SCRIPT', '2023-08-10 13:01:39.556154', NULL, 'ACCT003686', 889, 'Euro', 'ACTIVE', 1, 118),
(119, '2023-08-10 13:01:40.081501', 'SCRIPT', '2023-08-10 13:01:40.081501', NULL, 'ACCT004900', 434, 'Euro', 'ACTIVE', 1, 119),
(120, '2023-08-10 13:01:40.617111', 'SCRIPT', '2023-08-10 13:01:40.617111', NULL, 'ACCT009132', 702, 'Euro', 'ACTIVE', 1, 120),
(121, '2023-08-10 13:01:41.122214', 'SCRIPT', '2023-08-10 13:01:41.122214', NULL, 'ACCT006403', 342, 'Euro', 'ACTIVE', 1, 121),
(122, '2023-08-10 13:01:41.626166', 'SCRIPT', '2023-08-10 13:01:41.626166', NULL, 'ACCT005342', 110, 'Euro', 'ACTIVE', 1, 122),
(123, '2023-08-10 13:01:42.152805', 'SCRIPT', '2023-08-10 13:01:42.152805', NULL, 'ACCT008028', 557, 'Euro', 'ACTIVE', 1, 123),
(124, '2023-08-10 13:01:42.648458', 'SCRIPT', '2023-08-10 13:01:42.648458', NULL, 'ACCT006189', 595, 'Euro', 'ACTIVE', 1, 124),
(125, '2023-08-10 13:01:43.190447', 'SCRIPT', '2023-08-10 13:01:43.190447', NULL, 'ACCT000152', 286, 'Euro', 'ACTIVE', 1, 125),
(126, '2023-08-10 13:01:43.725027', 'SCRIPT', '2023-08-10 13:01:43.725027', NULL, 'ACCT009345', 804, 'Euro', 'ACTIVE', 1, 126),
(127, '2023-08-10 13:01:44.258146', 'SCRIPT', '2023-08-10 13:01:44.258146', NULL, 'ACCT001297', 859, 'Euro', 'ACTIVE', 1, 127),
(128, '2023-08-10 13:01:44.822122', 'SCRIPT', '2023-08-10 13:01:44.822122', NULL, 'ACCT000696', 929, 'Euro', 'ACTIVE', 1, 128),
(129, '2023-08-10 13:01:45.348596', 'SCRIPT', '2023-08-10 13:01:45.348596', NULL, 'ACCT007290', 791, 'Euro', 'ACTIVE', 1, 129),
(130, '2023-08-10 13:01:45.913186', 'SCRIPT', '2023-08-10 13:01:45.913186', NULL, 'ACCT007729', 319, 'Euro', 'ACTIVE', 1, 130),
(131, '2023-08-10 13:01:46.453573', 'SCRIPT', '2023-08-10 13:01:46.453573', NULL, 'ACCT008900', 600, 'Euro', 'ACTIVE', 1, 131),
(132, '2023-08-10 13:01:47.046562', 'SCRIPT', '2023-08-10 13:01:47.046562', NULL, 'ACCT007234', 648, 'Euro', 'ACTIVE', 1, 132),
(133, '2023-08-10 13:01:47.600382', 'SCRIPT', '2023-08-10 13:01:47.600382', NULL, 'ACCT008194', 550, 'Euro', 'ACTIVE', 1, 133),
(134, '2023-08-10 13:01:48.161307', 'SCRIPT', '2023-08-10 13:01:48.161307', NULL, 'ACCT005265', 230, 'Euro', 'ACTIVE', 1, 134),
(135, '2023-08-10 13:01:48.741691', 'SCRIPT', '2023-08-10 13:01:48.741691', NULL, 'ACCT003893', 74, 'Euro', 'ACTIVE', 1, 135),
(136, '2023-08-10 13:01:49.350476', 'SCRIPT', '2023-08-10 13:01:49.350476', NULL, 'ACCT005380', 807, 'Euro', 'ACTIVE', 1, 136),
(137, '2023-08-10 13:01:49.946104', 'SCRIPT', '2023-08-10 13:01:49.946104', NULL, 'ACCT009955', 558, 'Euro', 'ACTIVE', 1, 137),
(138, '2023-08-10 13:01:50.523832', 'SCRIPT', '2023-08-10 13:01:50.523832', NULL, 'ACCT000185', 891, 'Euro', 'ACTIVE', 1, 138),
(139, '2023-08-10 13:01:51.098312', 'SCRIPT', '2023-08-10 13:01:51.098312', NULL, 'ACCT004488', 366, 'Euro', 'ACTIVE', 1, 139),
(140, '2023-08-10 13:01:51.658570', 'SCRIPT', '2023-08-10 13:01:51.658570', NULL, 'ACCT007704', 124, 'Euro', 'ACTIVE', 1, 140),
(141, '2023-08-10 13:01:52.253130', 'SCRIPT', '2023-08-10 13:01:52.253130', NULL, 'ACCT005752', 968, 'Euro', 'ACTIVE', 1, 141),
(142, '2023-08-10 13:01:52.868189', 'SCRIPT', '2023-08-10 13:01:52.868189', NULL, 'ACCT003819', 231, 'Euro', 'ACTIVE', 1, 142),
(143, '2023-08-10 13:01:53.533632', 'SCRIPT', '2023-08-10 13:01:53.533632', NULL, 'ACCT009881', 662, 'Euro', 'ACTIVE', 1, 143),
(144, '2023-08-10 13:01:54.159756', 'SCRIPT', '2023-08-10 13:01:54.159756', NULL, 'ACCT000793', 341, 'Euro', 'ACTIVE', 1, 144),
(145, '2023-08-10 13:01:54.789609', 'SCRIPT', '2023-08-10 13:01:54.789609', NULL, 'ACCT007765', 850, 'Euro', 'ACTIVE', 1, 145),
(146, '2023-08-10 13:01:55.458245', 'SCRIPT', '2023-08-10 13:01:55.458245', NULL, 'ACCT001978', 219, 'Euro', 'ACTIVE', 1, 146),
(147, '2023-08-10 13:01:56.051918', 'SCRIPT', '2023-08-10 13:01:56.051918', NULL, 'ACCT005533', 541, 'Euro', 'ACTIVE', 1, 147),
(148, '2023-08-10 13:01:56.723913', 'SCRIPT', '2023-08-10 13:01:56.723913', NULL, 'ACCT006623', 599, 'Euro', 'ACTIVE', 1, 148),
(149, '2023-08-10 13:01:57.327178', 'SCRIPT', '2023-08-10 13:01:57.327178', NULL, 'ACCT009503', 107, 'Euro', 'ACTIVE', 1, 149),
(150, '2023-08-10 13:01:57.958288', 'SCRIPT', '2023-08-10 13:01:57.958288', NULL, 'ACCT007008', 99, 'Euro', 'ACTIVE', 1, 150),
(151, '2023-08-10 13:01:58.620338', 'SCRIPT', '2023-08-10 13:01:58.620338', NULL, 'ACCT003342', 293, 'Euro', 'ACTIVE', 1, 151),
(152, '2023-08-10 13:01:59.272292', 'SCRIPT', '2023-08-10 13:01:59.272292', NULL, 'ACCT008507', 370, 'Euro', 'ACTIVE', 1, 152),
(153, '2023-08-10 13:01:59.885285', 'SCRIPT', '2023-08-10 13:01:59.885285', NULL, 'ACCT006766', 337, 'Euro', 'ACTIVE', 1, 153),
(154, '2023-08-10 13:02:00.566088', 'SCRIPT', '2023-08-10 13:02:00.566088', NULL, 'ACCT006407', 358, 'Euro', 'ACTIVE', 1, 154),
(155, '2023-08-10 13:02:01.221337', 'SCRIPT', '2023-08-10 13:02:01.221337', NULL, 'ACCT006733', 725, 'Euro', 'ACTIVE', 1, 155),
(156, '2023-08-10 13:02:01.838231', 'SCRIPT', '2023-08-10 13:02:01.838231', NULL, 'ACCT007404', 83, 'Euro', 'ACTIVE', 1, 156);

-- --------------------------------------------------------

--
-- Structure de la table `bank_transfer`
--

CREATE TABLE `bank_transfer` (
  `id` bigint(20) NOT NULL,
  `created_at` datetime(6) DEFAULT NULL,
  `created_by` varchar(50) DEFAULT NULL,
  `last_modified_at` datetime(6) DEFAULT NULL,
  `last_modified_by` varchar(50) DEFAULT NULL,
  `amount` double NOT NULL,
  `operation` varchar(255) NOT NULL,
  `account_id` bigint(20) NOT NULL,
  `bank_account_id` bigint(20) NOT NULL
) ENGINE=InnoDB DEFAULT CHARSET=utf8;

--
-- Déchargement des données de la table `bank_transfer`
--

INSERT INTO `bank_transfer` (`id`, `created_at`, `created_by`, `last_modified_at`, `last_modified_by`, `amount`, `operation`, `account_id`, `bank_account_id`) VALUES
(165, '2023-08-10 13:29:12.792978', 'nvanbruggen0', NULL, NULL, 100, 'DEPOSIT', 1, 1),
(166, '2023-08-10 13:29:24.516514', 'nvanbruggen0', NULL, NULL, 50, 'WITHDRAWAL', 1, 1),
(167, '2023-08-10 13:38:28.288561', 'nvanbruggen0', NULL, NULL, 6, 'DEPOSIT', 1, 1),
(168, '2023-08-10 13:39:08.884257', 'nvanbruggen0', NULL, NULL, 100, 'WITHDRAWAL', 1, 1);

-- --------------------------------------------------------

--
-- Structure de la table `hibernate_sequence`
--

CREATE TABLE `hibernate_sequence` (
  `next_val` bigint(20) DEFAULT NULL
) ENGINE=InnoDB DEFAULT CHARSET=utf8;

--
-- Déchargement des données de la table `hibernate_sequence`
--

INSERT INTO `hibernate_sequence` (`next_val`) VALUES
(169);

-- --------------------------------------------------------

--
-- Structure de la table `transaction`
--

CREATE TABLE `transaction` (
  `id` bigint(20) NOT NULL,
  `created_at` datetime(6) DEFAULT NULL,
  `created_by` varchar(50) DEFAULT NULL,
  `last_modified_at` datetime(6) DEFAULT NULL,
  `last_modified_by` varchar(50) DEFAULT NULL,
  `amount` decimal(19,2) NOT NULL,
  `fee` decimal(19,2) NOT NULL,
  `destination_account_id` bigint(20) DEFAULT NULL,
  `source_account_id` bigint(20) DEFAULT NULL
) ENGINE=InnoDB DEFAULT CHARSET=utf8;

--
-- Déchargement des données de la table `transaction`
--

INSERT INTO `transaction` (`id`, `created_at`, `created_by`, `last_modified_at`, `last_modified_by`, `amount`, `fee`, `destination_account_id`, `source_account_id`) VALUES
(1, '2023-08-10 12:48:14.525037', 'nvanbruggen0', '2023-08-10 12:48:14.525037', 'nvanbruggen0', '9.00', '0.05', 46, 1);

-- --------------------------------------------------------

--
-- Structure de la table `users`
--

CREATE TABLE `users` (
  `id` bigint(20) NOT NULL,
  `created_at` datetime(6) DEFAULT NULL,
  `created_by` varchar(50) DEFAULT NULL,
  `last_modified_at` datetime(6) DEFAULT NULL,
  `last_modified_by` varchar(50) DEFAULT NULL,
  `address` varchar(500) DEFAULT NULL,
  `email` varchar(50) NOT NULL,
  `first_name` varchar(50) NOT NULL,
  `last_name` varchar(50) NOT NULL,
  `password` varchar(250) NOT NULL,
  `phone` varchar(20) DEFAULT NULL,
  `username` varchar(30) NOT NULL
) ENGINE=InnoDB DEFAULT CHARSET=utf8;

--
-- Déchargement des données de la table `users`
--

INSERT INTO `users` (`id`, `created_at`, `created_by`, `last_modified_at`, `last_modified_by`, `address`, `email`, `first_name`, `last_name`, `password`, `phone`, `username`) VALUES
(1, '2022-10-04 07:31:17.000000', NULL, '2022-09-15 23:25:39.000000', NULL, '80 Cordelia Junction', 'nvanbruggen0@comcast.net', 'Nat', 'Van Bruggen', '$2a$10$ELYTNlQRBOThXwJOW8wOiurpQRjhU5qtp1Y3x6gnM21qu5qk3h30q', '317-326-9561', 'nvanbruggen0'),
(2, '2023-03-28 10:33:02.000000', NULL, '2023-04-24 07:20:46.000000', NULL, '28555 Messerschmidt Park', 'obulfoy1@newsvine.com', 'Odele', 'Bulfoy', '$2a$10$xb.lFJA823CX5cJN.20fn.xh7E2Zs4jn9IgpVC7BQJpeOr632D96i', '624-506-6792', 'obulfoy1'),
(3, '2023-06-05 07:06:14.000000', NULL, '2022-09-26 10:39:22.000000', NULL, '2793 Alpine Plaza', 'ddzenisenka2@ed.gov', 'Dosi', 'Dzenisenka', '$2a$10$7oL/SU6.GvjUcqYQy3Nzo.ikWntnCpP3FMTKwaRMKAn8tdXt/kfY6', '403-571-5196', 'ddzenisenka2'),
(4, '2023-05-22 23:26:22.000000', NULL, '2022-06-28 17:13:43.000000', NULL, '18280 Gateway Avenue', 'kmacgibbon3@bravesites.com', 'Karlyn', 'MacGibbon', '$2a$10$hVIRy3dO4ZguY7KuOuUjMuKrZbzS.kOF742yeK1jLL9ki2b2Ta.X.', '749-628-3957', 'kmacgibbon3'),
(5, '2022-07-22 20:40:14.000000', NULL, '2022-07-06 14:04:47.000000', NULL, '7 Kensington Court', 'khammerton4@lulu.com', 'Kaia', 'Hammerton', '$2a$10$csbqPbwOrlMDgYWQZqYPoOas5KuRGs7BkExDWwTC1qiNGCubhE5l.', '846-152-7481', 'khammerton4'),
(6, '2022-09-10 04:40:59.000000', NULL, '2023-02-10 03:43:43.000000', NULL, '66015 Buena Vista Center', 'dcuppleditch5@google.it', 'Daveta', 'Cuppleditch', '$2a$10$3n/xhR1nlPt9q0Nvvr8YheqnJ72jSC0Rjew4VxF1q4gvomNGPJBtu', '622-546-8213', 'dcuppleditch5'),
(7, '2022-10-04 22:34:11.000000', NULL, '2023-03-18 05:38:49.000000', NULL, '945 Fieldstone Junction', 'khabbon6@cam.ac.uk', 'Kenneth', 'Habbon', '$2a$10$gFoB7Ae6vSN01ASRaoch7.ikkJsvumloYQ5k4wHrqId2J0/evHqcm', '922-434-9589', 'khabbon6'),
(8, '2022-10-15 09:35:18.000000', NULL, '2023-06-13 16:29:01.000000', NULL, '69867 Holmberg Point', 'dbeslier7@diigo.com', 'Domenico', 'Beslier', '$2a$10$ryvrdllwV/9jnqLuNHXHROoOfQzanqSWOebAs3PoTO0P/nRV75STS', '418-163-8641', 'dbeslier7'),
(9, '2023-01-18 02:41:01.000000', NULL, '2023-02-08 17:08:12.000000', NULL, '098 Amoth Avenue', 'agurnett8@desdev.cn', 'Arney', 'Gurnett', '$2a$10$O0eu0uEqYABrvNx1IeGrw.sF8bKsenXMbZGsc9q4pW5k9S.bCZoLm', '602-833-5664', 'agurnett8'),
(10, '2022-12-08 06:53:59.000000', NULL, '2022-11-05 01:06:46.000000', NULL, '99 Rutledge Way', 'wvasser9@t-online.de', 'Winfield', 'Vasser', '$2a$10$dfYNFhDTtwztTZbrT95.K.w9evVjj/m5Z0RAze9nekJanL/KKZRue', '827-925-5815', 'wvasser9'),
(11, '2023-01-17 11:53:25.000000', NULL, '2023-03-24 06:39:09.000000', NULL, '22 Dorton Place', 'tleahaira@state.tx.us', 'Taber', 'Leahair', '$2a$10$lDgybw.bZX5OUVmy.aFhZ.edWCsjAxC9Gnp.7rqyyuPxdLgkgpBuy', '419-871-0279', 'tleahaira'),
(12, '2023-04-05 18:47:56.000000', NULL, '2023-03-20 00:45:40.000000', NULL, '01 Goodland Point', 'bcroptonb@ebay.com', 'Brynna', 'Cropton', '$2a$10$SYuejQ.PD6uSvhzdLMbrces1a2mVIWM84yVMXjdoq.yTSbbFp1bpi', '156-960-4683', 'bcroptonb'),
(13, '2023-06-07 23:03:41.000000', NULL, '2023-04-11 18:34:55.000000', NULL, '32 Sheridan Hill', 'gwoodlandc@house.gov', 'Georgeta', 'Woodland', '$2a$10$Likc4yCfYzJ/hcrFeHiS1.l1tx8Ocwk5gBBqZu7CkFl7Z8aVqZ3dy', '235-713-5333', 'gwoodlandc'),
(14, '2022-09-07 19:15:35.000000', NULL, '2022-07-30 22:39:48.000000', NULL, '1361 Old Gate Plaza', 'cwixond@geocities.jp', 'Cherri', 'Wixon', '$2a$10$k4N0uMeiyJKo0BUXzoIz0eFeGgdKXaSeUb8fz3IW3VwXQ.0mOtp92', '684-419-5508', 'cwixond'),
(15, '2022-12-11 14:13:51.000000', NULL, '2023-02-17 12:52:55.000000', NULL, '06189 Maple Wood Way', 'haldhame@feedburner.com', 'Hollie', 'Aldham', '$2a$10$6k74p.S65B4LpHIernYQduiMy168fBQzvVANi24dbO/dI5.j6c2am', '439-177-9749', 'haldhame'),
(16, '2023-06-14 07:10:47.000000', NULL, '2022-10-30 12:23:52.000000', NULL, '69761 Daystar Pass', 'mconibearf@cnbc.com', 'Morrie', 'Conibear', '$2a$10$8jMH/NDlCRDl.GA1CHUiGeR01HPpto1a2/bT8vYz0lithZTCP4cly', '306-827-1361', 'mconibearf'),
(17, '2023-02-06 18:32:03.000000', NULL, '2023-03-31 01:04:29.000000', NULL, '69 4th Center', 'chazeldineg@slate.com', 'Christoffer', 'Hazeldine', '$2a$10$JL4SWvI2RLosCSwS7cIj7.OLAqC3Gw0oThWDdsuos1phtVRnORsZu', '228-251-0297', 'chazeldineg'),
(18, '2023-02-02 19:52:10.000000', NULL, '2023-05-26 01:12:40.000000', NULL, '8 Northwestern Alley', 'cgreenmonh@fotki.com', 'Cirstoforo', 'Greenmon', '$2a$10$tqztGFj/9rUaeePH6d376.Fp.NQZQigi3gApGQrv8kHZcNPI/TDKe', '620-862-8583', 'cgreenmonh'),
(19, '2023-05-27 12:25:41.000000', NULL, '2023-04-11 01:18:26.000000', NULL, '97801 Calypso Court', 'mhastoni@mashable.com', 'Mala', 'Haston', '$2a$10$KnODZ4K9wUsnxouFz0QA2e/rpOBSWybMFvddxrpFDQ4rJT4BqW59e', '441-558-4193', 'mhastoni'),
(20, '2022-08-16 18:13:54.000000', NULL, '2022-10-01 08:36:23.000000', NULL, '4 Anthes Road', 'mchekej@noaa.gov', 'Mable', 'Cheke', '$2a$10$YFdnuHCO/hkzm7Z/NjQDQevZVxhStO2KZZWj3GHyIiaq3ooZezg1K', '765-887-9041', 'mchekej'),
(21, '2022-06-27 09:41:59.000000', NULL, '2023-05-09 01:15:43.000000', NULL, '12 Caliangt Hill', 'epurdiek@wsj.com', 'Edlin', 'Purdie', '$2a$10$lnMF2PmugJqSMDP48kPll.81teLDF7rITEZ8sz08PyEDItay/MYDG', '295-515-6962', 'epurdiek'),
(22, '2023-05-16 02:08:42.000000', NULL, '2023-04-12 15:55:40.000000', NULL, '25703 Eggendart Hill', 'cmackeel@ibm.com', 'Charita', 'MacKee', '$2a$10$S41UTK5.kTytmavkz7/Hw.SsylXJaHDTQAT073ftgMRvWkP0rl9TW', '654-528-6797', 'cmackeel'),
(23, '2022-08-26 18:55:11.000000', NULL, '2022-12-31 08:33:35.000000', NULL, '34260 Loomis Parkway', 'mgiovannaccim@slashdot.org', 'Milt', 'Giovannacci', '$2a$10$QsXbhaJyuIoopyG0r1EDD.DINnmPgre1bKyzXdzz7B2HoagcO0Lkq', '496-149-8220', 'mgiovannaccim'),
(24, '2022-06-30 21:52:53.000000', NULL, '2023-04-06 22:56:48.000000', NULL, '075 Truax Crossing', 'flassetern@acquirethisname.com', 'Freida', 'Lasseter', '$2a$10$kTXYBNbVB9IcRY8xZMmkSu0qNyGwCEF.Qt.O5zslPN0sg/bVRto5K', '316-487-9033', 'flassetern'),
(25, '2022-07-20 04:55:54.000000', NULL, '2022-09-26 09:13:31.000000', NULL, '26 La Follette Lane', 'gharefooto@wunderground.com', 'Georgette', 'Harefoot', '$2a$10$btwaOa6W499nr6hAhzy3m.L2QXZTsWPaEBu3p3qR7bSARV7j6Ie4i', '745-513-8643', 'gharefooto'),
(26, '2023-04-28 08:19:45.000000', NULL, '2022-10-27 23:11:58.000000', NULL, '676 Arizona Street', 'mailsburyp@xinhuanet.com', 'Meir', 'Ailsbury', '$2a$10$3.vhIXwEfg0qsaL6EqTcOuzTYyYlzOzC9kT828URpuBVcSByBfrgW', '841-959-1509', 'mailsburyp'),
(27, '2023-03-17 02:03:49.000000', NULL, '2022-11-20 02:33:39.000000', NULL, '07 Mcbride Circle', 'kitzikq@live.com', 'Kirsten', 'Itzik', '$2a$10$fYEdpigqBrn2YEUkVI6kCenA.2vg7jjwJVx3EA0Rcq6EarDZh1abq', '574-603-1045', 'kitzikq'),
(28, '2023-01-24 12:18:13.000000', NULL, '2023-03-06 13:12:33.000000', NULL, '08 Westridge Junction', 'zwhittuckr@smh.com.au', 'Zared', 'Whittuck', '$2a$10$rF7ncuAh465eTnUqFgz4Ke5x4mxdccpM57N/XgqfoAhi0251e1nIu', '440-953-2261', 'zwhittuckr'),
(29, '2023-06-14 02:40:10.000000', NULL, '2022-12-07 01:34:45.000000', NULL, '21659 Waxwing Terrace', 'bmacgormans@blogspot.com', 'Brittne', 'MacGorman', '$2a$10$UCF3N5h8XJ3Z6Qn3UGiF3OdYC6AdhCtvFTjrnrhbCmb.PQIAGF0LG', '368-580-7009', 'bmacgormans'),
(30, '2022-07-31 16:14:44.000000', NULL, '2023-02-08 18:02:01.000000', NULL, '0085 Towne Point', 'rgorsset@reuters.com', 'Robbin', 'Gorsse', '$2a$10$7d5y87uDhPLgTCJVAbGZNeHNJW097t3I0IrRzmsJrJxboraDxPvsi', '548-966-2795', 'rgorsset'),
(31, '2022-10-06 23:46:26.000000', NULL, '2023-06-05 01:05:17.000000', NULL, '91512 Summerview Pass', 'smayzeu@odnoklassniki.ru', 'Suzette', 'Mayze', '$2a$10$B4O/WD2ITHzpnM3eA5IzBeP4jIJOD9U.WybjQ8WqwzXSivJQl3A2G', '743-534-6783', 'smayzeu'),
(32, '2023-02-05 13:05:22.000000', NULL, '2023-03-26 21:04:57.000000', NULL, '4142 Roth Hill', 'iinchleyv@howstuffworks.com', 'Ileane', 'Inchley', '$2a$10$MQVPOlpioshCYZllGH8e1uJACuobtw0RJr/5EIxDw6kwLZdgnKOQ2', '163-925-9850', 'iinchleyv'),
(33, '2022-08-12 00:14:57.000000', NULL, '2023-05-30 14:14:23.000000', NULL, '2883 Kings Way', 'tanglishw@360.cn', 'Tyler', 'Anglish', '$2a$10$zNZZ5hRXCHVl1pabXCo2KuH9VZSIl918cUl3vFXBqyfssI.r3VwOS', '851-855-5469', 'tanglishw'),
(34, '2022-06-24 19:59:52.000000', NULL, '2023-03-10 21:18:19.000000', NULL, '40047 Elka Place', 'tdevignex@paginegialle.it', 'Tilda', 'Devigne', '$2a$10$P2GVibOP2WvuWi3C6Xb.VeMcSo6ubkjythAXb1gHoYjwfhe3.67YG', '315-484-6800', 'tdevignex'),
(35, '2022-09-14 21:17:16.000000', NULL, '2022-08-14 04:45:39.000000', NULL, '8759 Pawling Lane', 'meallisy@phpbb.com', 'Marysa', 'Eallis', '$2a$10$eOjsk8SiypvEU/NZtOxqUeyVJYbNHgKWEV5shhUQg2/WaQKu6u2Oq', '915-888-6372', 'meallisy'),
(36, '2023-04-03 01:50:44.000000', NULL, '2023-03-28 12:48:06.000000', NULL, '78 Lawn Road', 'kdacostaz@samsung.com', 'Kearney', 'Da Costa', '$2a$10$fdhvPd9vCcenM7s.ZsVQOuJd/w.HNXN2u64e8rXaWCA8woCqTCpQ2', '333-300-0172', 'kdacostaz'),
(37, '2022-12-12 17:37:45.000000', NULL, '2022-07-22 05:09:54.000000', NULL, '83 Kensington Road', 'jscotter10@nsw.gov.au', 'Juli', 'Scotter', '$2a$10$Iyt8TNsZwf47.OushxkF9eWIgCWWxHm51mJ/.ent4q/ylnK7t1ZNW', '560-833-6316', 'jscotter10'),
(38, '2022-07-04 01:34:14.000000', NULL, '2023-02-28 04:40:53.000000', NULL, '9 International Lane', 'mhulburt11@exblog.jp', 'Misha', 'Hulburt', '$2a$10$YiqJAWKxPLTrqAad8xeAQ.SzXmY45BE547RD6DnSWvMU6wyWanZ8y', '507-615-3524', 'mhulburt11'),
(39, '2023-01-25 20:13:06.000000', NULL, '2023-01-15 11:35:43.000000', NULL, '0447 North Trail', 'lyitzhok12@wsj.com', 'Loria', 'Yitzhok', '$2a$10$iYsiasdw2ZJt.mjkqQNI1.rzoDYFZXDJeZhg0xiNzlFTNSdppobca', '161-930-1578', 'lyitzhok12'),
(40, '2023-02-23 08:59:03.000000', NULL, '2023-06-18 20:48:00.000000', NULL, '1 Ludington Lane', 'umendes13@angelfire.com', 'Ursuline', 'Mendes', '$2a$10$kMjdq8wJ2HujLz6PJmvzR.cWvFkf/0utqvzwZ5qJu0O.L4xfIb99i', '492-613-0752', 'umendes13'),
(41, '2023-03-27 01:02:42.000000', NULL, '2023-04-21 18:36:34.000000', NULL, '03755 American Ash Road', 'mstephen14@qq.com', 'Meagan', 'Stephen', '$2a$10$QzQFGInP8B/cUblAMDeGm.rAEZ/wbiUhgxoBd09h9kMqeZXv7/h16', '373-110-9416', 'mstephen14'),
(42, '2022-12-27 23:21:08.000000', NULL, '2023-03-05 08:47:36.000000', NULL, '1 Johnson Street', 'lparysowna15@spiegel.de', 'Lorelle', 'Parysowna', '$2a$10$Mg1QD.ibyTex2dG7IhCPa.TVgJsX4iSaGP4yzlGdKztSFqfhtjIBa', '951-450-2044', 'lparysowna15'),
(43, '2022-11-17 23:51:29.000000', NULL, '2022-07-04 18:54:28.000000', NULL, '45706 Continental Terrace', 'sbishop16@state.tx.us', 'Shoshana', 'Bishop', '$2a$10$z1AnB9xF.YE2zFes8j1NeOU1DzioOxldoAeAYr8ZQaLpBjSeHzj76', '754-121-0275', 'sbishop16'),
(44, '2022-07-14 23:22:41.000000', NULL, '2023-05-02 09:03:15.000000', NULL, '11809 Magdeline Avenue', 'hmquharg17@uol.com.br', 'Herc', 'M\'Quharg', '$2a$10$0B8E6rDUQOqepJivHMTvNubKyb8CdwQFRPS08w4SLdRFxa7qsYJ8e', '550-932-1238', 'hmquharg17'),
(45, '2022-10-19 08:20:34.000000', NULL, '2023-03-01 22:36:58.000000', NULL, '7 Bluestem Terrace', 'dcrix18@php.net', 'Denise', 'Crix', '$2a$10$EsvWZ8iHjn9hZwKc9chlqeJkF6T7Af7O5qQ1YFKyWy7Tb1DYEK8YW', '801-449-6251', 'dcrix18'),
(46, '2023-03-08 03:39:58.000000', NULL, '2023-03-20 06:45:27.000000', NULL, '1 Dakota Road', 'owaith19@oracle.com', 'Osmond', 'Waith', '$2a$10$k5b.LZ5FsGJm7iT.883Mc.P3mj1YsMgq9/jYu0QVJ7wPifTnjsmny', '448-660-6661', 'owaith19'),
(47, '2023-02-14 08:55:35.000000', NULL, '2022-11-16 16:41:32.000000', NULL, '910 Walton Drive', 'dpuddicombe1a@blog.com', 'Dolli', 'Puddicombe', '$2a$10$pa/TM1Mi9luK5l9t18A/QeFx6qnpDYnsUFBWjXr3xRqJQx37pRHxu', '887-479-8870', 'dpuddicombe1a'),
(48, '2022-09-25 06:46:16.000000', NULL, '2022-10-21 11:52:01.000000', NULL, '612 Namekagon Street', 'btyrone1b@ow.ly', 'Binky', 'Tyrone', '$2a$10$MXijl8yZ3OPdnHNJs2WCKe/ZYNNOG8yjhHc.v6w7C3XYHkJWOCP56', '709-772-7515', 'btyrone1b'),
(49, '2022-10-19 02:40:44.000000', NULL, '2023-01-27 14:33:35.000000', NULL, '9 Rutledge Terrace', 'lmcfadden1c@marketwatch.com', 'Luis', 'McFadden', '$2a$10$1UOI7.5OpMc6c4/yxC1AfuKywxbnup6SsYj/.i9pA4/VuKD5p9ih.', '749-908-9245', 'lmcfadden1c'),
(50, '2023-04-06 18:13:20.000000', NULL, '2022-12-20 08:04:08.000000', NULL, '5 Farmco Street', 'rgaiger1d@opera.com', 'Rani', 'Gaiger', '$2a$10$o0UxftQU./WH1HqsppVAWuhHM1HGNkX4uNPsvMJ6/zp7zaPv65mAq', '102-962-2978', 'rgaiger1d'),
(51, '2022-12-07 03:16:58.000000', NULL, '2023-05-27 22:29:24.000000', NULL, '155 Division Plaza', 'merni1e@cyberchimps.com', 'Mendie', 'Erni', '$2a$10$dwIfgo42sk3lg/FgWkjBtOT3FFaFqeG6MyA.LDdXYtfRQZNTysnCO', '921-211-3478', 'merni1e'),
(52, '2022-11-30 16:56:01.000000', NULL, '2022-11-24 01:31:07.000000', NULL, '21840 Jackson Junction', 'dleming1f@csmonitor.com', 'Dolly', 'Leming', '$2a$10$PvtoX.VMu3APTJb53FRiZOwxVo7T6J7QG/nuPY/mY.riDgCoKNBUi', '464-408-7837', 'dleming1f'),
(53, '2023-06-10 18:38:30.000000', NULL, '2022-09-15 16:23:27.000000', NULL, '6 Coolidge Road', 'rmayhew1g@ucla.edu', 'Robbie', 'Mayhew', '$2a$10$bcrwPwUUTlRNm2KlzBjfhuJudscnYnArKQSr7uOC7bl1bQFjkAq7W', '847-463-9586', 'rmayhew1g'),
(54, '2022-08-25 13:16:01.000000', NULL, '2023-03-15 17:08:29.000000', NULL, '468 Milwaukee Hill', 'cohanlon1h@yolasite.com', 'Clarinda', 'O\'Hanlon', '$2a$10$aMU4hapBCapTGCJL9EKAMuonwX7s5otAqLYOGyZICU0NAHEdSTiEy', '355-726-6687', 'cohanlon1h'),
(55, '2023-04-08 18:17:34.000000', NULL, '2022-11-27 08:55:37.000000', NULL, '6099 Duke Terrace', 'fhaddow1i@tripod.com', 'Felicity', 'Haddow', '$2a$10$HmMbksr.ZDeyhQ1sPsFaG.nCWhDN2yyZ8fz9ubd4DWRgvH8l1Xhwm', '400-708-4035', 'fhaddow1i'),
(56, '2022-11-15 08:46:44.000000', NULL, '2022-10-21 08:22:02.000000', NULL, '4 Browning Lane', 'brosthorn1j@smh.com.au', 'Buiron', 'Rosthorn', '$2a$10$FDPu8ma595b4vST5ZGMgU.rBM83BhxiKrl.M47CxiPy8mo32p/AR2', '564-656-3455', 'brosthorn1j'),
(57, '2022-09-28 23:59:54.000000', NULL, '2022-12-25 07:19:23.000000', NULL, '7 Stang Alley', 'mathridge1k@hud.gov', 'Mahmud', 'Athridge', '$2a$10$pBXJrL1LMKp7kuBPlm7jvu6XJwVRaHX1wv/TCiuGoWdblE.lwKb1.', '565-819-3397', 'mathridge1k'),
(58, '2023-03-16 01:19:25.000000', NULL, '2022-08-23 20:06:50.000000', NULL, '78 Lindbergh Crossing', 'cmccuffie1l@thetimes.co.uk', 'Cirstoforo', 'McCuffie', '$2a$10$MKDx/gRjDsQApCiB8FPy5u5171zdv/YyCLXwCcqmUtPmJLFcWPslu', '338-109-8902', 'cmccuffie1l'),
(59, '2023-03-29 17:08:55.000000', NULL, '2022-12-22 14:42:21.000000', NULL, '122 Oak Alley', 'tlambkin1m@thetimes.co.uk', 'Tucky', 'Lambkin', '$2a$10$n.Yr4e3ohca5NI2VgFJv5ubbFqroHomTTAf6r8o.2/v.DXrgW3V0m', '140-770-1501', 'tlambkin1m'),
(60, '2022-10-22 08:31:56.000000', NULL, '2022-11-15 15:59:22.000000', NULL, '46287 Monterey Way', 'nsmithson1n@sphinn.com', 'Nettie', 'Smithson', '$2a$10$eCcI6kGhIOKqet.QRLO8uOqrwy4oyZWBOtLTQyJcQghCbFoMyBsam', '758-542-4098', 'nsmithson1n'),
(61, '2023-03-30 12:46:26.000000', NULL, '2022-11-26 22:15:41.000000', NULL, '5536 Westport Road', 'mworgan1o@about.com', 'Mandel', 'Worgan', '$2a$10$1TgNAWimQ6Rv9d2CpkdpnuYoVPanqpmU.zghaAb/grQH4FuKgA2DG', '294-465-3149', 'mworgan1o'),
(62, '2022-08-16 03:36:32.000000', NULL, '2022-08-09 20:18:02.000000', NULL, '239 Londonderry Alley', 'wvanetti1p@xinhuanet.com', 'Willow', 'Vanetti', '$2a$10$DGsR0WhmOjmKCiEryrC.vOkYZrwKLavPeQji50QarNa20Z0NVrMHa', '423-178-6429', 'wvanetti1p'),
(63, '2022-06-27 13:20:37.000000', NULL, '2022-09-20 03:05:58.000000', NULL, '83 Acker Hill', 'ksimeoni1q@ucsd.edu', 'Kalinda', 'Simeoni', '$2a$10$hCx0Ajwd.lTATv5fjKVIV.Llyw6AjA5fZf3jXGPJ.3g03oUvBoili', '262-206-0242', 'ksimeoni1q'),
(64, '2023-01-25 02:44:31.000000', NULL, '2022-10-28 11:06:49.000000', NULL, '87 Kingsford Circle', 'moffner1r@tmall.com', 'Major', 'Offner', '$2a$10$/UwIcriPtd62.i9/NDo52.Xdi4qbJiBjA4gQTjmjrn8OzcAQkxFYS', '241-338-8428', 'moffner1r'),
(65, '2023-02-09 02:25:06.000000', NULL, '2022-12-29 22:58:23.000000', NULL, '6 Knutson Avenue', 'cswine1s@1688.com', 'Cort', 'Swine', '$2a$10$oFEy6SXtMGjji0ayj09RpulmNyDRAzCg1xAH.bjkWHNM5nZ/xHNYa', '888-940-1582', 'cswine1s'),
(66, '2023-03-18 14:20:53.000000', NULL, '2023-01-28 01:03:21.000000', NULL, '95 Heffernan Center', 'ebeveredge1t@springer.com', 'Eveleen', 'Beveredge', '$2a$10$gkLLSZ4WQswD0LsYJfrQV.AAAmlbh.kEx9bqMefrxfBhgIta4Mc6W', '975-794-8977', 'ebeveredge1t'),
(67, '2022-11-23 15:28:41.000000', NULL, '2022-08-17 18:50:34.000000', NULL, '2 Oxford Way', 'icaygill1u@rediff.com', 'Ilyse', 'Caygill', '$2a$10$qJtmmZqmmWdvpLr4jZ90b.xAEKTJ/RpkI2rcyQTS.yLoXG/Weru1a', '613-598-7227', 'icaygill1u'),
(68, '2023-03-24 04:45:19.000000', NULL, '2023-05-01 05:25:23.000000', NULL, '07139 Becker Road', 'koldall1v@dmoz.org', 'Katerina', 'Oldall', '$2a$10$8hNyOgBI/tcrZeSzZ.ZLfutNt7aZlc6Qs3Ze/yxMobA4Tq7SYIi1W', '518-584-0441', 'koldall1v'),
(69, '2022-08-08 19:23:03.000000', NULL, '2022-09-20 06:12:57.000000', NULL, '425 Kennedy Circle', 'fwestcot1w@webnode.com', 'Fanchette', 'Westcot', '$2a$10$Qjru0DE4KQYOk6i.dNJ56uwNj5huC.SE6zagFgjEv.2JIUGUVh.5a', '880-583-9595', 'fwestcot1w'),
(70, '2022-09-13 11:41:21.000000', NULL, '2022-09-19 01:45:09.000000', NULL, '83292 Farragut Road', 'vatterbury1x@godaddy.com', 'Verge', 'Atterbury', '$2a$10$NI8PXLe6TQWWQFa6L/q/0.7Vwbv.vjPFiEa/bXn.BDgah3/5RD2tu', '678-646-8079', 'vatterbury1x'),
(71, '2023-02-06 09:18:43.000000', NULL, '2022-11-08 16:55:09.000000', NULL, '122 Surrey Park', 'hlanfare1y@dell.com', 'Hestia', 'Lanfare', '$2a$10$JzOwIWxdMWLLWlSHcT6RKecT34a8PhLUji5vSsNV3Qg8yb4POXj9O', '828-316-1182', 'hlanfare1y'),
(72, '2022-11-30 16:10:14.000000', NULL, '2022-07-26 18:24:10.000000', NULL, '10056 Chive Point', 'ttheuff1z@vistaprint.com', 'Tannie', 'Theuff', '$2a$10$uXYy/qmpLzPRvVWNz02/XuSvmj/vlrHk7./wHLopfxMHwNZXjlHnK', '318-545-1147', 'ttheuff1z'),
(73, '2022-09-27 05:45:39.000000', NULL, '2022-12-02 09:14:14.000000', NULL, '35714 Buhler Way', 'kdorber20@weebly.com', 'Kirstin', 'Dorber', '$2a$10$qoIql4MygZ0PRbqgWTHjHuPyEaeX2XsaZ0s0.pE71ee3I2eYBVbnG', '647-703-1606', 'kdorber20'),
(74, '2023-05-24 09:43:33.000000', NULL, '2022-12-30 01:46:45.000000', NULL, '23384 Hoffman Street', 'drosenwald21@mapy.cz', 'Daven', 'Rosenwald', '$2a$10$ppIgapplxieg.91MA/o4B.CWz82PkfUfbdfteXpm7oBSuc6/CJYFa', '477-369-0411', 'drosenwald21'),
(75, '2022-11-19 01:15:38.000000', NULL, '2022-09-20 00:28:42.000000', NULL, '50 Main Circle', 'mwhanstall22@reverbnation.com', 'Mathe', 'Whanstall', '$2a$10$BJYvaWVzo7w98KLXtAGS1.e/4uRpoLUZSCfJJCdzV969F5QNDB8YG', '830-869-9150', 'mwhanstall22'),
(76, '2022-12-23 02:44:29.000000', NULL, '2023-04-27 13:18:25.000000', NULL, '307 Prairieview Court', 'mmateo23@usnews.com', 'Marc', 'Mateo', '$2a$10$Ux/wTxyCH4f9oZ8QXoreLOjqTGzbFFoVX8N6hjC.9Ucj9OZEsSfQ2', '833-507-6450', 'mmateo23'),
(77, '2023-04-22 08:51:20.000000', NULL, '2022-06-30 12:13:14.000000', NULL, '24379 Comanche Alley', 'pmcrae24@cdbaby.com', 'Prent', 'McRae', '$2a$10$jmp525KNyoE5BRrx2ZiLRuJeuAN.QNwzJFqI.Ne5uwQLmJ8MHwa.K', '638-829-0870', 'pmcrae24'),
(78, '2022-12-27 08:31:14.000000', NULL, '2022-08-16 14:58:07.000000', NULL, '36 Eagle Crest Trail', 'gwaight25@soup.io', 'Glen', 'Waight', '$2a$10$f23O0iwcxx1C2hIiLsWXgu7vhV7v6kTWkEwCeklDPVEYsqeh6gbEe', '835-630-0966', 'gwaight25'),
(79, '2023-06-06 07:47:11.000000', NULL, '2022-11-04 01:04:23.000000', NULL, '788 Arkansas Road', 'scymper26@about.me', 'Sallee', 'Cymper', '$2a$10$.QgJ3E8CcKd0ohuywrbMRev0T9tklHFtXVzUhUQxd/SEJ/F2LMiRq', '998-537-7510', 'scymper26'),
(80, '2023-05-01 06:07:13.000000', NULL, '2023-06-21 05:41:25.000000', NULL, '4 8th Plaza', 'hgilgryst27@surveymonkey.com', 'Herrick', 'Gilgryst', '$2a$10$IBKuSkD2R0k2YHtyYVaQBe35I3SngxD6ScuczJ400z2qkJBsGMlEe', '108-144-9736', 'hgilgryst27'),
(81, '2022-11-19 15:37:40.000000', NULL, '2023-06-07 22:53:10.000000', NULL, '172 Lakeland Parkway', 'massiter28@microsoft.com', 'Maddalena', 'Assiter', '$2a$10$qcnCa0khYMErxsLKK.L4Cu0LN/lqZeCZM3NzoCc/UIEHwBsUuBavG', '393-655-4019', 'massiter28'),
(82, '2023-03-28 03:07:40.000000', NULL, '2022-07-19 00:15:43.000000', NULL, '6 Anniversary Crossing', 'kgotthardsf29@google.com.hk', 'Karlie', 'Gotthard.sf', '$2a$10$q8x1Yc8/PgET86yb66BZ5eLk30NF2DSxyTmRMoBmAelI51uXvh0kW', '550-506-4058', 'kgotthardsf29'),
(83, '2022-10-23 04:46:34.000000', NULL, '2022-09-29 13:33:16.000000', NULL, '0518 Bayside Terrace', 'aheathcott2a@answers.com', 'Amelina', 'Heathcott', '$2a$10$1rYDW6s1IKJDuMkJc5r5OuX7Fe5RHnhfyQ.XkNvZaWMknBMcZvi7S', '271-481-4951', 'aheathcott2a'),
(84, '2023-03-23 02:38:09.000000', NULL, '2022-09-26 21:32:04.000000', NULL, '8911 Talisman Park', 'rperryman2b@sbwire.com', 'Rivkah', 'Perryman', '$2a$10$gVaI.uUSGdV6zaQ0DyEv4OEeWuhdYywSXgU9iT0FPlToyoIzBKif2', '660-948-8792', 'rperryman2b'),
(85, '2023-05-07 21:32:19.000000', NULL, '2023-06-22 03:59:43.000000', NULL, '57804 Truax Park', 'mgoddard2c@mayoclinic.com', 'Munroe', 'Goddard', '$2a$10$Vz8O40sZQ/bJK/MvnAof6ezh7zqtur9GQsBmdbYJ2QI1jBDet3WfS', '555-362-0715', 'mgoddard2c'),
(86, '2022-09-08 21:22:16.000000', NULL, '2023-06-07 11:01:08.000000', NULL, '54 Kings Place', 'msmerdon2d@scientificamerican.com', 'Martino', 'Smerdon', '$2a$10$ZBiyIwxyKi42fCG3bSmeNu2uMKpgEAarEf9.0hXn/hiOrluB9jBJm', '710-610-5539', 'msmerdon2d'),
(87, '2023-05-28 02:06:31.000000', NULL, '2022-07-11 18:01:37.000000', NULL, '38 Stephen Place', 'mborder2e@1und1.de', 'Martica', 'Border', '$2a$10$jviJ6umdoVHulo94kXjG8.F1qN9oEb8wyuBoBSJlSIa7p7N56iBcK', '186-113-2117', 'mborder2e'),
(88, '2022-12-04 18:09:55.000000', NULL, '2022-12-10 21:51:37.000000', NULL, '90595 Dorton Road', 'lcoldicott2f@godaddy.com', 'Liza', 'Coldicott', '$2a$10$QlHKRMrzQVfrPy4IUYdGCuXwG1abjI87nyU5YlGDKDKRSLH3mtQGW', '860-511-4197', 'lcoldicott2f'),
(89, '2022-07-02 03:34:25.000000', NULL, '2023-03-25 21:42:18.000000', NULL, '0907 Londonderry Park', 'ocarnachen2g@multiply.com', 'Onfre', 'Carnachen', '$2a$10$U2yyW20bVCtk5pNdQxBsAut80ObtTDb2h/UC9RAapPdtRmTOasXPC', '325-601-3380', 'ocarnachen2g'),
(90, '2023-05-24 20:39:52.000000', NULL, '2022-12-05 12:26:36.000000', NULL, '2 Carberry Avenue', 'koshirine2h@etsy.com', 'Kearney', 'O\'Shirine', '$2a$10$TnqUx8jfdx7260aFRDIbmehMF.pC5f/.CASQqjo8PB9NBsAiSASqm', '418-393-0219', 'koshirine2h'),
(91, '2023-05-25 12:29:33.000000', NULL, '2023-01-08 01:48:00.000000', NULL, '9 Harper Trail', 'pcareswell2i@google.com', 'Palm', 'Careswell', '$2a$10$1oeL8oe7zZbVcjsZoVeV/uQ.MlyjGyYUbjyV2BgXWkXqRkNlobaKC', '488-947-7008', 'pcareswell2i'),
(92, '2022-09-04 20:31:53.000000', NULL, '2023-02-22 22:23:12.000000', NULL, '88 Corscot Parkway', 'asyddall2j@cbc.ca', 'Adrian', 'Syddall', '$2a$10$b2P2q2YhfwbVvTSV73bBdeK.WPKkhnEr2yXlBAV6lgJDXWeHJHI.i', '584-610-3481', 'asyddall2j'),
(93, '2022-11-30 23:12:13.000000', NULL, '2022-07-06 16:52:48.000000', NULL, '2 Stoughton Avenue', 'htopling2k@istockphoto.com', 'Halley', 'Topling', '$2a$10$Wp5.AJN7ZgnZmeEysoWnfenUQQ1y.zWcfyfLtjHHotM2tTClVCFz2', '962-494-5243', 'htopling2k'),
(94, '2022-09-04 00:05:28.000000', NULL, '2023-06-03 20:42:16.000000', NULL, '261 Duke Park', 'aferriere2l@tmall.com', 'Alayne', 'Ferriere', '$2a$10$B0eOg.EiLjAtmPLw3pFSRO7N1MDu.qKRaBH4jVU/Z5DTl/OfXdVjS', '192-635-7526', 'aferriere2l'),
(95, '2023-02-03 04:59:55.000000', NULL, '2022-11-13 08:33:20.000000', NULL, '877 Northland Crossing', 'agidley2m@marriott.com', 'Ambrose', 'Gidley', '$2a$10$Xe4lLTBvgYlZZvUTsBt3b.LWzvYLzMAQtEpPUZ9M0Cu9We.smw6Z6', '346-732-8717', 'agidley2m'),
(96, '2022-09-29 22:33:04.000000', NULL, '2023-03-25 20:30:35.000000', NULL, '840 Jana Avenue', 'ewhitwam2n@mapquest.com', 'Esther', 'Whitwam', '$2a$10$XL4MgqXiL6c8pfellRdlfejqg18DwDi/Ld2bdgCpP9IYqsSejJOBq', '690-410-6662', 'ewhitwam2n'),
(97, '2022-12-26 23:02:23.000000', NULL, '2022-10-14 12:47:23.000000', NULL, '2756 2nd Drive', 'yyouel2o@businessinsider.com', 'Yancy', 'Youel', '$2a$10$dCI5vhbkYI1xDlfYybGeFODRJQp7bJEpH9tjcyMg8MMsh5NBTxEX6', '443-984-8697', 'yyouel2o'),
(98, '2022-10-18 18:41:12.000000', NULL, '2022-08-28 07:29:51.000000', NULL, '7432 Mariners Cove Plaza', 'avane2p@miitbeian.gov.cn', 'Amabel', 'Vane', '$2a$10$dDHIF88D8zUFdoXaNvx7He10F3X7q8IGYdHpo9FS/bhA2pAsvA7s2', '773-866-3456', 'avane2p'),
(99, '2023-01-01 08:10:32.000000', NULL, '2022-09-10 08:21:59.000000', NULL, '83037 Surrey Junction', 'rwalpole2q@deviantart.com', 'Row', 'Walpole', '$2a$10$nL6tCke0HCZY58Y5F5ngUO3ois67cCDTYMtl14MDAYw3L5AvCOGva', '515-543-8371', 'rwalpole2q'),
(100, '2023-06-20 19:55:36.000000', NULL, '2023-06-01 16:41:32.000000', NULL, '3212 Westport Road', 'pkertess2r@phoca.cz', 'Phillis', 'Kertess', '$2a$10$lbTnZNTwpqO7iGWHHFevE.BsAmoSscbi3d2y/lls1mRjXD0KLzpqC', '657-166-6571', 'pkertess2r'),
(101, '2023-04-20 17:30:38.000000', NULL, '2022-07-03 09:56:58.000000', NULL, '3 Johnson Crossing', 'gcargo2s@cisco.com', 'Gunther', 'Cargo', '$2a$10$71AUM7rRXwgproHXgL7SLeM8xJBGf31lFAxjgW7FpUk7.bOs/arDO', '795-400-3319', 'gcargo2s'),
(102, '2022-11-26 17:00:36.000000', NULL, '2023-04-10 02:09:14.000000', NULL, '602 Heath Pass', 'edarycott2t@smugmug.com', 'Earlie', 'Darycott', '$2a$10$Wn9HUISrx.sgLyclf8W3reNKGxq9FFzEPxQJItBGUwVeqrF7tYig2', '214-227-0878', 'edarycott2t'),
(103, '2023-06-11 16:12:49.000000', NULL, '2022-10-28 05:55:14.000000', NULL, '752 Sommers Place', 'jschwieso2u@sakura.ne.jp', 'Jimmy', 'Schwieso', '$2a$10$BwNszHfA0wwN6Ep1A4MK6OLGbT1/6B0IMJrTn8N2xYj5VIA4qBb2.', '918-670-8567', 'jschwieso2u'),
(104, '2023-01-24 15:39:18.000000', NULL, '2022-09-23 20:14:27.000000', NULL, '18 Cottonwood Parkway', 'tblakeley2v@cyberchimps.com', 'Tootsie', 'Blakeley', '$2a$10$zyp/Q3LbDtP6ANnOkYvrsOc7MRtcAJ3AeV1t6O0Yfzlyi4hRe8oa6', '835-806-4717', 'tblakeley2v'),
(105, '2022-12-25 14:15:10.000000', NULL, '2022-10-08 12:57:39.000000', NULL, '9411 Corry Alley', 'skalinovich2w@cisco.com', 'Sherlocke', 'Kalinovich', '$2a$10$GqPOu8CUE8J0SfuRV/oSs.8KvMsYPJbEZpUDJtnTUUKNgW75swN3i', '619-730-9398', 'skalinovich2w'),
(106, '2023-05-28 23:58:05.000000', NULL, '2023-01-09 22:58:51.000000', NULL, '64268 Morrow Court', 'nmaccaddie2x@ftc.gov', 'Nadia', 'Maccaddie', '$2a$10$2Z19A.j1K7mygWM0pryODedLTPpNiyGFgbf.bGYxxY8AO5i4bI14m', '365-732-1747', 'nmaccaddie2x'),
(107, '2023-03-27 11:47:54.000000', NULL, '2023-01-10 01:26:06.000000', NULL, '2398 Laurel Circle', 'vnewton2y@boston.com', 'Verile', 'Newton', '$2a$10$pR..rifut/f4RlH.TJv5DejsYm8Zz89NnwMEZJeC6jNxt/Q0iykqC', '262-940-6942', 'vnewton2y'),
(108, '2023-01-05 04:39:51.000000', NULL, '2022-07-16 13:12:34.000000', NULL, '3 Lakewood Gardens Alley', 'wepsly2z@cisco.com', 'Wyatt', 'Epsly', '$2a$10$g6PmJE.2qqmCT6CSw4RXQel7DCsPH2wRWrsA1N6j0TQICSj8.Ozea', '874-202-9549', 'wepsly2z'),
(109, '2022-08-29 16:34:13.000000', NULL, '2022-10-13 03:24:45.000000', NULL, '34 Montana Road', 'aofallowne30@wikispaces.com', 'Ambrosius', 'O\'Fallowne', '$2a$10$2ERwSlOZphkpus4BMDaTZuLw0DPoQ95awzcViVkvRyxCNrzCGykGS', '874-985-4925', 'aofallowne30'),
(110, '2023-06-15 07:57:22.000000', NULL, '2023-06-05 12:45:34.000000', NULL, '5 Bay Avenue', 'jkalb31@loc.gov', 'Judah', 'Kalb', '$2a$10$GB/sveMtvVTHFbgSAGnS7OIn1L2rtsOJSNJ0Kvevb3nvtDCaADFoC', '955-363-6124', 'jkalb31'),
(111, '2023-06-07 00:29:30.000000', NULL, '2022-11-01 15:09:45.000000', NULL, '73749 Spohn Lane', 'fhamprecht32@weather.com', 'Floria', 'Hamprecht', '$2a$10$5A/IAS54yvmUqP//elJ6KOVMeIzuU9JSSFkvfwxNk8ZRe9XcKTYwe', '393-154-9216', 'fhamprecht32'),
(112, '2023-03-18 19:56:01.000000', NULL, '2023-01-28 16:52:42.000000', NULL, '39275 Eastlawn Avenue', 'eassaf33@yahoo.co.jp', 'Eddi', 'Assaf', '$2a$10$5oia1bFrSeQemfgDEJcnY.D27s9zfMRNNH/auYg8G.f35OH1BzIpC', '548-624-5178', 'eassaf33'),
(113, '2023-04-06 06:49:37.000000', NULL, '2022-07-31 15:42:56.000000', NULL, '038 Homewood Trail', 'ysquibe34@simplemachines.org', 'Yvonne', 'Squibe', '$2a$10$qn0lKGB4fsFvf.1zp9bCjOvRZV7dMMmiYIYpHbQ/gsWPYFzr8d9kS', '866-858-9871', 'ysquibe34'),
(114, '2022-10-22 15:49:35.000000', NULL, '2023-03-18 22:51:54.000000', NULL, '2 Barnett Lane', 'basch35@pinterest.com', 'Burty', 'Asch', '$2a$10$RsuVhcJCuIl69a51EtaA1uehSYgi4r5lx/teS4oB7GPHk5DlkbXp.', '139-508-4589', 'basch35'),
(115, '2023-01-20 22:01:16.000000', NULL, '2023-04-12 20:36:38.000000', NULL, '5 Rigney Drive', 'swyllcocks36@icio.us', 'Sandy', 'Wyllcocks', '$2a$10$kdE.E2mC24042Wll/gqunOM5XFaSJzaB1JrdeOVESEXMqr.Sbdtbi', '863-361-0457', 'swyllcocks36'),
(116, '2023-05-01 21:41:33.000000', NULL, '2023-03-22 23:52:42.000000', NULL, '59092 Arkansas Way', 'zwoodhams37@bizjournals.com', 'Zenia', 'Woodhams', '$2a$10$0dbQd/fbUal/vXogkn0sXuKAVVyi64/DJIIfEB31ft0JeQvaN.1nO', '354-912-1265', 'zwoodhams37'),
(117, '2023-03-02 11:26:17.000000', NULL, '2023-01-05 21:05:41.000000', NULL, '154 Dawn Hill', 'mmactimpany38@blogs.com', 'Myrtie', 'MacTimpany', '$2a$10$VSZpTfPEyFFCu6qSJKMbdejbGWqg2gzfAKevFu.di/MmtpuFsh85e', '543-140-2659', 'mmactimpany38'),
(118, '2022-11-14 13:32:28.000000', NULL, '2022-10-17 17:46:51.000000', NULL, '93107 Crescent Oaks Way', 'lvedyaev39@php.net', 'Lil', 'Vedyaev', '$2a$10$GTVZLAwJR7bFBdzSaWjI/ugX5wQ6BsKzs8e2RMOQjpQ0DLaom1uFO', '414-886-6888', 'lvedyaev39'),
(119, '2023-01-31 07:36:33.000000', NULL, '2023-05-30 19:57:20.000000', NULL, '1706 Park Meadow Circle', 'dsnasdell3a@w3.org', 'Darill', 'Snasdell', '$2a$10$Gz9IFQ1JzRKDioJ61D2nr.XMKIUAJCxfdtvXofGf26X7rCpnb4Vc.', '173-457-1272', 'dsnasdell3a'),
(120, '2023-05-19 19:33:33.000000', NULL, '2022-10-22 03:03:09.000000', NULL, '368 Iowa Pass', 'bkerner3b@de.vu', 'Barnabas', 'Kerner', '$2a$10$roJvDWRMJNIsyl0htQnBdul9ckEVIQnqV/GRdu39t6gdEjx4Pwnq2', '494-579-0787', 'bkerner3b'),
(121, '2023-05-05 11:59:24.000000', NULL, '2023-04-03 05:48:37.000000', NULL, '58 Pankratz Plaza', 'kcopo3c@hud.gov', 'Kayle', 'Copo', '$2a$10$oOQ0gvaUmfqgb9xJMvZ1YOsw9Ff4YwAwpT1aFsNKX0T9MgisoCZHu', '880-471-0137', 'kcopo3c'),
(122, '2023-01-15 05:44:29.000000', NULL, '2022-10-13 17:51:02.000000', NULL, '6329 Sauthoff Drive', 'ogitsham3d@mtv.com', 'Orly', 'Gitsham', '$2a$10$Wt8ehWhwt5V4DtbgieOXweZt9TLA9zqYFmvLBYOyc2w6MuVeZ/8/S', '789-449-1191', 'ogitsham3d'),
(123, '2022-09-27 14:08:34.000000', NULL, '2023-05-07 06:58:51.000000', NULL, '02 Miller Terrace', 'mrohlf3e@ehow.com', 'Monty', 'Rohlf', '$2a$10$fQbujCnNU5IwSs.qHr4mqebGXaqjI00T10Ff0f4aty3m0K/rZ14dC', '554-368-5535', 'mrohlf3e'),
(124, '2023-05-27 14:29:23.000000', NULL, '2022-09-03 20:02:03.000000', NULL, '57440 Upham Park', 'shaddrill3f@cafepress.com', 'Sheppard', 'Haddrill', '$2a$10$xQ8roITG/tG3aoHcxkgJqONZ50AcIC/klOXx1Vv0SJY47Quq1nXZq', '478-491-6555', 'shaddrill3f'),
(125, '2023-06-22 16:41:33.000000', NULL, '2023-01-26 19:27:14.000000', NULL, '0 Westend Place', 'wmckimmie3g@mail.ru', 'Web', 'McKimmie', '$2a$10$uaIrLyONcenZgtUfRVhM.eYSzrEEX746x4wVTqYlVCymoFlFV4U2m', '770-451-8092', 'wmckimmie3g'),
(126, '2022-12-26 12:41:10.000000', NULL, '2023-02-17 04:00:23.000000', NULL, '82 Clyde Gallagher Hill', 'ldarrow3h@lulu.com', 'Lorena', 'Darrow', '$2a$10$f3jk9t3sO/SgHE.oREBkk.lsWBwV28J6qeVnuOCbLzoEwYPbRLDO2', '754-666-4521', 'ldarrow3h'),
(127, '2022-12-10 07:58:21.000000', NULL, '2023-01-03 00:51:44.000000', NULL, '6 Independence Plaza', 'amoughtin3i@storify.com', 'Ashley', 'Moughtin', '$2a$10$EwSGvmr9uIfRGgSm2jI1A.y0ruBibaktMW65zWl5/6gn4iDsVYMde', '716-398-0665', 'amoughtin3i'),
(128, '2022-09-26 18:33:06.000000', NULL, '2022-09-28 15:54:12.000000', NULL, '82 Tony Trail', 'sdownham3j@umich.edu', 'Sophie', 'Downham', '$2a$10$yqDFbHf7PnEDTWICs1ASAuZ/GwRIFmXzfsnEj1vOmbTKNwPfKj/i6', '839-313-9286', 'sdownham3j'),
(129, '2022-12-25 14:47:17.000000', NULL, '2023-06-12 12:01:13.000000', NULL, '8 Bunker Hill Pass', 'lcroux3k@answers.com', 'Layney', 'Croux', '$2a$10$IjCNndo8o9V8N6S.X0LmretUEZK5xZ6h67IJUKVQIIhSFmxGEHoYu', '550-650-9993', 'lcroux3k'),
(130, '2022-12-12 22:25:32.000000', NULL, '2022-09-22 16:31:00.000000', NULL, '5 Lunder Point', 'fthackray3l@storify.com', 'Fons', 'Thackray', '$2a$10$w7G73f6rI6pCWuhQkSulyOeX2r1fBrI9vUKEbxciOZkPHdaWEKruu', '882-486-9544', 'fthackray3l'),
(131, '2022-10-05 22:36:54.000000', NULL, '2022-08-12 09:31:52.000000', NULL, '385 Logan Terrace', 'dduplantier3m@imageshack.us', 'Devondra', 'Du Plantier', '$2a$10$AdiI017cZofraiWfMWIJP.doVv1JaTBb8z041o2UeT3fVrwy7rSBi', '805-556-3163', 'dduplantier3m'),
(132, '2023-01-16 11:26:23.000000', NULL, '2023-01-12 01:57:10.000000', NULL, '5149 Buhler Junction', 'sstainson3n@mozilla.com', 'Simonette', 'Stainson', '$2a$10$6zTyj17XhocK26HcLJcm2urT8.iPaQNcttMOyvB.L64wNS.Jk1YWi', '372-118-7111', 'sstainson3n'),
(133, '2023-01-15 06:30:10.000000', NULL, '2023-01-30 10:42:04.000000', NULL, '43 Dahle Crossing', 'nmiltonwhite3o@china.com.cn', 'Nerta', 'Milton-White', '$2a$10$BVLnpEuvD1.JtA5qMlWEruLx5yRrh5TnKlzLNAsLD02nLFrbEGXFO', '629-781-9492', 'nmiltonwhite3o'),
(134, '2022-11-26 18:48:46.000000', NULL, '2022-07-10 08:25:15.000000', NULL, '75972 Milwaukee Alley', 'broffey3p@google.com', 'Bartie', 'Roffey', '$2a$10$ScUy/zJNugdL3OUrVFFMHODImw32rM7cSjPTemO8e.5VufrmM4kfW', '204-731-4866', 'broffey3p'),
(135, '2023-01-14 04:10:39.000000', NULL, '2022-12-04 04:40:49.000000', NULL, '745 Butterfield Avenue', 'hmathewson3q@unc.edu', 'Hal', 'Mathewson', '$2a$10$u3F3uQ7f1D4fWy8aO385AuFqFtjayJ3YxG8cRhfgTO.th/pTHjaAK', '132-404-9965', 'hmathewson3q'),
(136, '2023-02-25 11:29:32.000000', NULL, '2023-04-17 23:38:30.000000', NULL, '1406 Independence Trail', 'bbeston3r@google.com.br', 'Bernardina', 'Beston', '$2a$10$4X.LPLgu0c9Kfd1ULJLQYOhYhNwykmxtS5nA59Jv4o79Su/PJq9o.', '726-843-2696', 'bbeston3r'),
(137, '2022-08-30 23:11:18.000000', NULL, '2022-07-17 04:39:58.000000', NULL, '2 Oxford Street', 'laddington3s@parallels.com', 'Lorry', 'Addington', '$2a$10$yFUE1ttwV34MEgQluy3z8eV5y0TFHm5K8FNRx64VEbYTfDF4jvQbG', '775-814-5058', 'laddington3s'),
(138, '2023-03-18 12:18:44.000000', NULL, '2023-02-20 19:00:44.000000', NULL, '9 Kinsman Drive', 'jaistrop3t@reddit.com', 'Johnna', 'Aistrop', '$2a$10$f0IdipYCeG3sdIugCQHR6uns0cPbopi0oUMixHyQZN5XYXjJw7LYC', '659-495-2153', 'jaistrop3t'),
(139, '2023-04-11 03:17:46.000000', NULL, '2023-05-19 12:44:46.000000', NULL, '29669 Oriole Park', 'eraithbie3u@rediff.com', 'Elihu', 'Raithbie', '$2a$10$weddzYC2ZOtTPguSG4VpkO6KeE4lMhoVCWhzDeBBC/Ae5ZsvnMV2K', '565-442-2779', 'eraithbie3u'),
(140, '2023-04-22 23:21:29.000000', NULL, '2022-11-01 18:45:47.000000', NULL, '1033 Sycamore Circle', 'jridgway3v@amazonaws.com', 'Jerri', 'Ridgway', '$2a$10$ehRA4aoGK2NW6PCgwE0i/.IUpRcoPwDIskZXNgQLZoHmAtXmiCFyS', '661-984-1451', 'jridgway3v'),
(141, '2023-06-06 22:05:22.000000', NULL, '2023-06-11 03:27:50.000000', NULL, '43933 Linden Street', 'tperes3w@clickbank.net', 'Tedi', 'Peres', '$2a$10$XhV2ONsR48SonQ4sc4PHSekfn79j3bOk097tJLVrGV6HurBnEWGPi', '795-231-5370', 'tperes3w'),
(142, '2022-08-26 17:13:26.000000', NULL, '2023-01-17 21:04:36.000000', NULL, '18196 Northport Point', 'dpohlke3x@mlb.com', 'Daloris', 'Pohlke', '$2a$10$qTixAvvpTvGsO3FS1H7sAOEIYx2goDbDy200fI/E7Bg43Z/xYKy4K', '196-386-3715', 'dpohlke3x'),
(143, '2022-08-24 20:52:09.000000', NULL, '2022-12-11 01:47:05.000000', NULL, '92629 1st Junction', 'cgoschalk3y@pagesperso-orange.fr', 'Carr', 'Goschalk', '$2a$10$dvW6eAq9F.63Cm0C.Uo6leZG/6pDzoRHgvsfZvi3KKUlHmBqyw3a.', '221-231-1133', 'cgoschalk3y'),
(144, '2023-04-01 22:26:51.000000', NULL, '2023-04-14 12:47:56.000000', NULL, '2897 Daystar Court', 'cchrisp3z@unesco.org', 'Carla', 'Chrisp', '$2a$10$gzdgL7EZrzliG6jKK9lHGOHCRaDBeLLZ9lQVgVFglOAsZ0Lyxvr82', '809-805-3862', 'cchrisp3z'),
(145, '2022-08-02 17:29:08.000000', NULL, '2022-12-27 05:14:01.000000', NULL, '934 School Crossing', 'ctoupe40@de.vu', 'Cull', 'Toupe', '$2a$10$4ajI.sdKmzBgeR7V1qHWg.xUdzD7oR5uIOfWowRPBX4ziB6rw/vsq', '425-124-6432', 'ctoupe40'),
(146, '2022-11-12 06:10:23.000000', NULL, '2023-02-23 04:17:52.000000', NULL, '1 Erie Street', 'tmceachern41@wikipedia.org', 'Tod', 'McEachern', '$2a$10$VWBNVtzZwwDWOkpDVF/LIeLEkXOaHvkdythd8159DIklTmSLAqiKu', '773-373-1889', 'tmceachern41'),
(147, '2022-07-07 08:15:07.000000', NULL, '2022-11-13 07:00:18.000000', NULL, '23 Hovde Way', 'cyakovitch42@people.com.cn', 'Corrine', 'Yakovitch', '$2a$10$EpeLrskFPuIsDyV0iWBC2.al5oufP7GhbtaUGqbNPviaS/uSf2zf6', '563-396-1476', 'cyakovitch42'),
(148, '2023-06-10 15:31:29.000000', NULL, '2023-06-04 15:10:19.000000', NULL, '3 American Ash Avenue', 'gsurgeoner43@simplemachines.org', 'Gabrila', 'Surgeoner', '$2a$10$3OJfls0vOLmkkvawSieEge/wqys483aiIWtD9FZ7eAkiQASisx4Z6', '286-287-3790', 'gsurgeoner43'),
(149, '2022-10-01 00:47:59.000000', NULL, '2022-11-22 21:21:27.000000', NULL, '06 Trailsway Center', 'mroyden44@altervista.org', 'Manuel', 'Royden', '$2a$10$UYWqQrin.wrc/zYQ4mpyLuNbJHZaVPouFpBH9ESAZsNn2NfSOgnla', '822-633-3467', 'mroyden44'),
(150, '2023-02-15 08:58:37.000000', NULL, '2022-10-19 13:04:55.000000', NULL, '68985 Melby Circle', 'bcornely45@gnu.org', 'Berkly', 'Cornely', '$2a$10$daXwkf.7CECxGmFxvPe.BubJlu63L9w5V4yBtfkR4/ne5FZF5QHKK', '988-881-4833', 'bcornely45'),
(151, '2022-08-08 07:53:30.000000', NULL, '2023-03-02 03:20:21.000000', NULL, '6 Surrey Park', 'cfacher46@ucoz.ru', 'Currie', 'Facher', '$2a$10$QJ6AHxTQ3bVJX5lrcYARVelkM97.uIILvWqyQ1.RrL8kmvPiZzCiO', '115-337-6571', 'cfacher46'),
(152, '2023-06-15 05:31:12.000000', NULL, '2023-01-09 12:51:18.000000', NULL, '4156 Red Cloud Crossing', 'mcapon47@ca.gov', 'Merrilee', 'Capon', '$2a$10$Xa1hXmaG.qBcxvheMpZW8OLjvHHqBSzuiGJK4A7Cm55jPH5HxqeOy', '791-172-3558', 'mcapon47'),
(153, '2022-08-10 03:56:50.000000', NULL, '2023-03-02 01:27:36.000000', NULL, '3041 Dixon Lane', 'hhansard48@qq.com', 'Hamnet', 'Hansard', '$2a$10$go.uFoY5hK0uZ7Pnx2.roetP8pn6rJQp/oYduHhTAKzeSyFRfJHTK', '985-764-2816', 'hhansard48'),
(154, '2023-03-30 15:00:52.000000', NULL, '2022-08-27 12:53:48.000000', NULL, '7 Canary Street', 'rswatheridge49@uiuc.edu', 'Rosalia', 'Swatheridge', '$2a$10$Zrs/G/eCzGLSxdqB2A4uLur7jPuL5jLQa9daSqLdTB99VFt3qdd7u', '550-146-5586', 'rswatheridge49'),
(155, '2022-11-30 11:41:36.000000', NULL, '2023-03-19 05:03:25.000000', NULL, '95 Spaight Street', 'clantiff4a@marriott.com', 'Corrina', 'Lantiff', '$2a$10$d.bxRMOQTBXtTXIiNXL8.OcRslyt0sUKofpRBCD/0PLEjeJ7uY4ry', '888-129-2208', 'clantiff4a'),
(156, '2023-04-19 06:45:48.000000', NULL, '2023-01-09 17:25:17.000000', NULL, '52 Pankratz Parkway', 'mmelloi4b@paginegialle.it', 'Martina', 'Melloi', '$2a$10$jsr32uWZC8NZV2ISmGNbKeuTd15KMH0smygdZzz.9IlbZAJp19rtS', '128-359-8916', 'mmelloi4b'),
(157, '2023-04-24 23:59:59.000000', NULL, '2023-05-09 21:17:23.000000', NULL, '96 Glacier Hill Parkway', 'eleirmonth4c@csmonitor.com', 'Evanne', 'Leirmonth', '$2a$10$sB8MADxphG3xnlgPtxsyCeY6aWbNPMj5IHlaOV/LKNPU3coujHn1y', '813-929-9296', 'eleirmonth4c'),
(158, '2022-08-20 06:08:33.000000', NULL, '2022-10-25 14:34:07.000000', NULL, '7834 Waubesa Lane', 'cchanning4d@nature.com', 'Culley', 'Channing', '$2a$10$xNVmZWVQfBSO85.PHJmTru6SLQ82B30ZUubzwLNeeornzCP5JWPM6', '565-435-1794', 'cchanning4d'),
(159, '2022-11-29 09:11:49.000000', NULL, '2023-01-29 21:10:16.000000', NULL, '202 Jackson Terrace', 'csouthward4e@squarespace.com', 'Cathleen', 'Southward', '$2a$10$rOBbbaN48sGt8Y5CIZwae.x6.7iT5UZEN.N0rPf/7wAuf0BfQHSNu', '252-806-1227', 'csouthward4e'),
(160, '2023-03-08 23:18:17.000000', NULL, '2022-10-12 20:06:00.000000', NULL, '599 Mesta Alley', 'bpowles4f@smh.com.au', 'Bernardina', 'Powles', '$2a$10$.ZYn46rw0bMO2RBJiz0zQejNvTdBiVeYspRX7CitJDiFa0Xmukhz6', '979-464-2896', 'bpowles4f'),
(161, '2023-06-05 03:13:11.000000', NULL, '2022-08-15 17:54:24.000000', NULL, '579 Kedzie Plaza', 'mwyldes4g@google.com', 'Myer', 'Wyldes', '$2a$10$w2JMZz2nGeKYb4X3bgo1ce5eBQzNVKY4S5ZOwoJOfJMl494wsSnRm', '979-844-8685', 'mwyldes4g'),
(162, '2023-02-22 02:49:12.000000', NULL, '2022-12-03 09:58:57.000000', NULL, '8505 Eggendart Place', 'jmccambridge4h@bloglines.com', 'Joaquin', 'McCambridge', '$2a$10$M70MCloCUrdkD6ltvh.4wu/yyBqPQgwvXKNtk2LUMSD0nRiv2rHiy', '834-410-8725', 'jmccambridge4h'),
(163, '2023-04-26 22:11:32.000000', NULL, '2023-02-27 08:05:29.000000', NULL, '08 Dryden Point', 'egoolding4i@amazon.de', 'Even', 'Goolding', '$2a$10$vltzobykHuo6918tCz2Vxucjs8ZdDoCstss8qj.GaJqeUmSkjogw.', '474-594-0223', 'egoolding4i'),
(164, '2023-01-30 13:24:34.000000', NULL, '2023-01-28 05:13:50.000000', NULL, '04575 Sachtjen Circle', 'pklauber4j@engadget.com', 'Patricia', 'Klauber', '$2a$10$QVdZNL3mz/9r928AjYh7nefLN3Kh2TiDPCNaedNh7ot8K6N7WlrKm', '779-986-5835', 'pklauber4j'),
(165, '2022-09-24 17:42:34.000000', NULL, '2023-05-10 01:36:47.000000', NULL, '48905 Northport Circle', 'lwitchell4k@dailymotion.com', 'Larina', 'Witchell', '$2a$10$TlEC6GzI5AHiJLVVnRX11umaGY2EnfdJPnV8FOqu56i3tLdJ8XEoG', '100-573-5429', 'lwitchell4k'),
(166, '2022-09-08 17:24:50.000000', NULL, '2023-05-20 11:25:30.000000', NULL, '9 Lunder Parkway', 'tcraigheid4l@squarespace.com', 'Trixy', 'Craigheid', '$2a$10$u0dkIed3OV5N5BHrdEYnFOeqqRJPONxVmlR8w0jxlKFGMeNj9CAxC', '544-243-0806', 'tcraigheid4l'),
(167, '2023-01-19 09:48:30.000000', NULL, '2023-03-23 09:28:54.000000', NULL, '1 Beilfuss Circle', 'kposnette4m@pbs.org', 'Kania', 'Posnette', '$2a$10$NrlD7Ha9jz2IbDA9fDbtLeNNrk77W45GWVIAVJA5//pgofP/KpyHS', '456-371-7067', 'kposnette4m'),
(168, '2022-09-25 17:21:28.000000', NULL, '2023-01-03 12:36:44.000000', NULL, '5968 Weeping Birch Pass', 'fnewens4n@prlog.org', 'Felicdad', 'Newens', '$2a$10$LlkY0W72vc1od6/EjqE2juF.aSo.VShkzmYqiK4dJF3g0fmERM1by', '196-578-4831', 'fnewens4n'),
(169, '2023-02-17 09:06:32.000000', NULL, '2022-07-16 20:08:47.000000', NULL, '807 Darwin Lane', 'kcarcass4o@zimbio.com', 'Kizzie', 'Carcass', '$2a$10$iHPi56GkrDynikKS7D2FsOBcHKdqBfizxDLiSUJNs5pyzOxRxhe2e', '282-731-8172', 'kcarcass4o'),
(170, '2023-02-01 02:41:56.000000', NULL, '2022-08-24 10:52:49.000000', NULL, '0132 Nova Court', 'ohuton4p@nationalgeographic.com', 'Ophelie', 'Huton', '$2a$10$gVJNSS9MLnjrn0QbuDRfVOI08OSIORYdEJrJwugddGzh1YFo263vu', '107-803-5715', 'ohuton4p'),
(171, '2023-03-16 17:05:46.000000', NULL, '2023-03-13 01:22:35.000000', NULL, '0130 Forster Drive', 'jcombe4q@nydailynews.com', 'Janeczka', 'Combe', '$2a$10$B0u1q9Cv8CEU6Jd8hQvmUutoP.oKbPZyA47ZpQaQE.E0F0bs6kZBy', '563-519-4453', 'jcombe4q'),
(172, '2023-02-23 00:16:37.000000', NULL, '2022-10-26 06:21:26.000000', NULL, '31146 Gateway Terrace', 'ileleu4r@nasa.gov', 'Ichabod', 'Le Leu', '$2a$10$0BEfv499uhjNUnyc15jbZeZhLCQcQ5N2jkNPVXn92cV4jdbK3e626', '473-842-3640', 'ileleu4r'),
(173, '2022-11-30 10:29:19.000000', NULL, '2023-03-29 16:44:52.000000', NULL, '78 Warbler Pass', 'lbrookfield4s@mtv.com', 'Leonid', 'Brookfield', '$2a$10$24kr2L2VIqOjMwxqMlUzm.XWS0MdXJGTAOM/1dpcwVhDz0p7.vxyy', '161-852-4768', 'lbrookfield4s'),
(174, '2022-12-06 13:02:55.000000', NULL, '2022-08-20 21:07:15.000000', NULL, '0007 Eastwood Plaza', 'dweatherdon4t@epa.gov', 'Daniella', 'Weatherdon', '$2a$10$0QFXgKnJTB3N530qkAMDdeEDgGUgLkJWOZLyQ7.Z57JbkCudT7nDa', '207-475-1653', 'dweatherdon4t'),
(175, '2022-10-02 15:28:36.000000', NULL, '2023-04-13 14:10:39.000000', NULL, '26 Eagle Crest Road', 'ljeffry4u@google.ca', 'Lena', 'Jeffry', '$2a$10$9c.uoFfHjHY/dZR5AWpSyO3.m57hfor0TPWM1tR6Sc/GE4CXVcbxW', '763-317-9406', 'ljeffry4u'),
(176, '2023-02-13 23:30:55.000000', NULL, '2022-08-15 23:35:19.000000', NULL, '330 Armistice Lane', 'mbrothers4v@nydailynews.com', 'Mureil', 'Brothers', '$2a$10$E9VRZir6lc4svp6LzS6BMu/mmxlOw0X4T6lpOEsw8idz6Bsgt47Ky', '882-531-4604', 'mbrothers4v'),
(177, '2023-01-02 08:15:30.000000', NULL, '2022-09-13 19:33:38.000000', NULL, '04570 Shelley Road', 'jpitchford4w@simplemachines.org', 'Junie', 'Pitchford', '$2a$10$VgdcwcIqchWqcTCU8m9dN.ZG9xBDZKaInFqQ3DkP9i8auyZbMZgpa', '413-423-2716', 'jpitchford4w'),
(178, '2022-12-13 18:16:39.000000', NULL, '2022-11-26 23:54:54.000000', NULL, '18 Del Mar Street', 'fharpur4x@cdbaby.com', 'Frederica', 'Harpur', '$2a$10$eucdKQzjvkRgE5qciIC9tuPxgGcrzK6OLCH3Jdti5tij4Ka5va3yi', '843-225-2530', 'fharpur4x'),
(179, '2023-05-15 13:13:38.000000', NULL, '2022-09-27 14:25:16.000000', NULL, '1 Anhalt Place', 'umadner4y@reference.com', 'Urbano', 'Madner', '$2a$10$j5KT3.LOxWC9Ff9/B8YeB.FLWG5.0Sd.eY0oTzNcuqeqTF0mX4PsO', '172-516-8370', 'umadner4y'),
(180, '2023-04-07 12:26:52.000000', NULL, '2022-08-02 13:20:19.000000', NULL, '86194 Graedel Lane', 'icrippes4z@techcrunch.com', 'Inessa', 'Crippes', '$2a$10$oj6Yzz8pDojUhCyquHX7u.FZLMCkItcM0zzn2.RwXMR4Qj7qm2IDy', '511-940-4577', 'icrippes4z'),
(181, '2023-02-01 21:41:27.000000', NULL, '2023-06-05 08:05:38.000000', NULL, '5 Canary Alley', 'dmaharg50@springer.com', 'Domenic', 'Maharg', '$2a$10$3PG4u8HH3j.Q13ZjoNKj8.QgHIqCgeVodbS/6RCBed.W3A7mJsxiO', '872-520-9702', 'dmaharg50'),
(182, '2023-01-06 02:38:26.000000', NULL, '2023-02-25 12:09:55.000000', NULL, '485 Monument Place', 'amulchrone51@mit.edu', 'Adela', 'Mulchrone', '$2a$10$fkW2qYao3AAFdlV8ZB1cUufwazBs.rK6SavXbtYdEV75YSs3ZilqW', '280-399-1783', 'amulchrone51'),
(183, '2023-01-02 22:16:22.000000', NULL, '2022-08-30 03:13:51.000000', NULL, '1 Ridgeway Terrace', 'cdewire52@discovery.com', 'Caddric', 'Dewire', '$2a$10$ls8LwBN1oAPZ4YMpuFn7ietmg/xyVyjTPK.jrByCcB0SDY/IFSAmu', '399-210-6063', 'cdewire52'),
(184, '2023-01-05 18:52:29.000000', NULL, '2022-12-01 16:43:00.000000', NULL, '4 Vidon Hill', 'jstouther53@scribd.com', 'Jeannette', 'Stouther', '$2a$10$LANX9vVoqLUz8bbd/zMUq.CQAlWBcSpFGHaufcVxmbIo5iqFsyLKi', '440-382-7142', 'jstouther53'),
(185, '2022-06-28 14:53:27.000000', NULL, '2022-09-08 23:18:45.000000', NULL, '6 Maywood Avenue', 'moppie54@tmall.com', 'Malory', 'Oppie', '$2a$10$7MI9xF8BBpausvhe8uA1JuLaudf2Q6pirBbe2OZhBLAlBcEU2aInO', '914-336-9338', 'moppie54'),
(186, '2022-09-02 18:34:09.000000', NULL, '2023-04-25 23:23:05.000000', NULL, '70061 Springs Way', 'wsmewing55@chicagotribune.com', 'Winni', 'Smewing', '$2a$10$l1hu5vj8EDEYbKtKA6VrW.FbQGwzYNL4eyQ/4LiDp8qIqTiFVc6Ja', '949-805-0377', 'wsmewing55'),
(187, '2022-10-17 08:53:05.000000', NULL, '2023-04-28 00:33:07.000000', NULL, '5 Rusk Plaza', 'gklarzynski56@free.fr', 'Garreth', 'Klarzynski', '$2a$10$Gi14fCTs.uRWMguxf4MnWucexl3pqk4XjjhhR4M6swr4C3RB5AErK', '594-956-5037', 'gklarzynski56'),
(188, '2023-01-02 00:31:05.000000', NULL, '2023-05-24 17:58:26.000000', NULL, '5 Eagan Alley', 'mhessenthaler57@bizjournals.com', 'Mariele', 'Hessenthaler', '$2a$10$Xwi4/IND3cSHVgZw/JybJ.GV8kwyy2zJebxupv5sbbzobTFdj7gny', '390-407-7289', 'mhessenthaler57'),
(189, '2023-03-29 21:39:16.000000', NULL, '2022-08-20 05:53:02.000000', NULL, '21 Lake View Way', 'tlaffoleylane58@addthis.com', 'Timmy', 'Laffoley-Lane', '$2a$10$WVHRwRIVb.og4Xj85uSS7..4lpMqI4Dabqs8zDbdYjDy8iHATtRK2', '393-565-0091', 'tlaffoleylane58'),
(190, '2022-09-23 02:24:03.000000', NULL, '2023-01-18 02:39:09.000000', NULL, '3906 Ramsey Parkway', 'aseaborne59@dailymail.co.uk', 'Anabella', 'Seaborne', '$2a$10$JVB6BnjDmguQjWDPyBXbM.udaF4s21Js0fTyMYtHB2p9/3yZ9DeTW', '240-694-5728', 'aseaborne59'),
(191, '2022-07-07 05:24:46.000000', NULL, '2022-11-04 14:24:21.000000', NULL, '8963 Crest Line Way', 'sbunston5a@skype.com', 'Sondra', 'Bunston', '$2a$10$4CQPM3cpkG68nJ6I4d12GOsQEWYSm/vs8iaRrqRP.0p14oyq8h2NS', '323-698-8393', 'sbunston5a'),
(192, '2023-04-09 13:26:35.000000', NULL, '2022-07-17 17:58:20.000000', NULL, '95197 Sage Trail', 'kmacgaughey5b@gmpg.org', 'Karlen', 'MacGaughey', '$2a$10$v/uomD3r9x74JvlnabRbKOPLJmfyNAUyyqLGrwvKQfJC72DpDG//O', '919-351-8787', 'kmacgaughey5b'),
(193, '2023-03-05 15:04:24.000000', NULL, '2022-12-06 22:38:35.000000', NULL, '7703 Nelson Avenue', 'tlaxtonne5c@jigsy.com', 'Temp', 'Laxtonne', '$2a$10$XZoLB3Zv2XW/Af8c53X7euoRDYf6bTVASfmb6gYzVuswz8ifphNH.', '153-972-9664', 'tlaxtonne5c'),
(194, '2022-12-18 05:11:43.000000', NULL, '2022-11-08 17:34:44.000000', NULL, '7428 Crest Line Crossing', 'frobrose5d@senate.gov', 'Felipa', 'Robrose', '$2a$10$UMk.SewsR3hrhcrbT5NDf.NAw98I0D8OS5LXEPyfnTjD7hYXfd0me', '726-955-4219', 'frobrose5d'),
(195, '2023-04-21 09:48:47.000000', NULL, '2023-03-15 00:37:43.000000', NULL, '306 Duke Parkway', 'jcristofvao5e@ifeng.com', 'Jozef', 'Cristofvao', '$2a$10$JeINpY04OOxqJmy9blckNes/.eKNVkk0dwWDO0lLUyhzkhzW/wu2a', '561-137-8315', 'jcristofvao5e'),
(196, '2023-04-16 06:54:26.000000', NULL, '2022-11-02 10:54:10.000000', NULL, '814 Esch Park', 'astithe5f@liveinternet.ru', 'Ange', 'Stithe', '$2a$10$4QTLTr/jjzKhgFJOHRuXV.fQyDYijmisLV8qHKdQyusHnW0OvMLnG', '111-793-1463', 'astithe5f'),
(197, '2022-09-06 12:45:46.000000', NULL, '2023-04-14 01:45:18.000000', NULL, '09147 Gale Lane', 'sfleg5g@state.tx.us', 'Salomone', 'Fleg', '$2a$10$tR0nB70ZQJFcj1wsD6Y1.e6ymL0HcyZX8UKlAxbo.wd0e/lKxvOji', '465-278-4388', 'sfleg5g'),
(198, '2023-04-26 04:38:02.000000', NULL, '2022-12-18 22:21:42.000000', NULL, '642 Arizona Trail', 'mloukes5h@google.com', 'Marc', 'Loukes', '$2a$10$mOiIEujrHH2YxwY6urUHa.qCt6oh5f8iIPzl4a86YMnlCMP/Yud3O', '780-203-6666', 'mloukes5h'),
(199, '2022-08-04 05:42:22.000000', NULL, '2022-12-27 18:29:10.000000', NULL, '5 Summer Ridge Drive', 'grosita5i@patch.com', 'Giavani', 'Rosita', '$2a$10$oBsrRR1Op/apBcADGaekbe2JZy93FR2kQt1T96t3fjRr7ORl2wJOa', '647-948-9602', 'grosita5i'),
(200, '2023-02-27 09:10:26.000000', NULL, '2022-08-09 12:55:19.000000', NULL, '194 Schmedeman Court', 'hhamley5j@nih.gov', 'Hastings', 'Hamley', '$2a$10$Jr0ZA8Buqmqi7TdFOG2k5u8R7NG7Fh.NvFxe0QrBYTbynCoVIDRjy', '436-183-8957', 'hhamley5j'),
(201, '2023-02-03 18:42:15.000000', NULL, '2022-08-04 21:40:05.000000', NULL, '25559 Corry Center', 'pcurness5k@businessweek.com', 'Phillipe', 'Curness', '$2a$10$GCPQ4BD0MP08ys4SJroUf.dz7IM8ufwsVap3HRkym2V20lFFovCKq', '693-920-6591', 'pcurness5k'),
(202, '2022-09-30 21:14:17.000000', NULL, '2022-10-31 20:58:00.000000', NULL, '07 Mallory Avenue', 'solliffe5l@over-blog.com', 'Steven', 'Olliffe', '$2a$10$yUkh5oziw8rh8woghPaziOjgDAe/2b1F5JXZTiYU8RLTuh/b0QRpW', '175-921-8297', 'solliffe5l'),
(205, '2022-08-02 09:37:40.000000', NULL, '2022-08-29 19:16:36.000000', NULL, '7753 Mcbride Circle', 'lklosges5o@miibeian.gov.cn', 'Lil', 'Klosges', '$2a$10$LRgl2kFOMqaFctCYGX3MAeaLDbaunkEAOtDGWKcW8ElzM7sUZR.Gm', '562-352-3501', 'lklosges5o'),
(206, '2023-06-25 13:41:51.179027', NULL, '2023-06-25 13:41:51.179027', NULL, '12 Rue 121, Lil de france', 'ilham.ami@gmail.com', 'Ilham', 'Ami', '$2a$10$SY7C6nrKu5reqb8XCQfOFOVK9zQJTOZu9V/Rzj1noktkGIX4xz8Qq', '07223766313', 'ilham.ami2023'),
(207, '2023-06-25 13:44:33.302084', NULL, '2023-06-25 13:44:33.302084', NULL, '21 Stroud Rd OAKRIDGE', 'contact.code517@gmail.com', 'Mou', 'Ad', '$2a$10$tAnkV6xOrcHT5qVOLBMNa.wEBLdq23q082YitdLhmvpFm5tRDdf8y', '07223766313', 'mouad'),
(208, '2023-06-25 14:01:05.957979', NULL, '2023-06-25 14:01:05.957979', NULL, '12 Rue 121, Lil de france', 'ali.alaoui@gmail.com', 'Ali', 'Alaoui', '$2a$10$XM1W3tg.s/DU92gMq8S6xOcj3gRtY5m78Rd.VHLRu4Os/0msF95BO', '07223766313', 'ali2023');

-- --------------------------------------------------------

--
-- Structure de la table `user_friends`
--

CREATE TABLE `user_friends` (
  `user_id` bigint(20) NOT NULL,
  `friend_id` bigint(20) NOT NULL
) ENGINE=InnoDB DEFAULT CHARSET=utf8;

--
-- Déchargement des données de la table `user_friends`
--

INSERT INTO `user_friends` (`user_id`, `friend_id`) VALUES
(1, 4),
(1, 67),
(1, 46),
(1, 63),
(1, 113),
(1, 93),
(2, 112),
(3, 67),
(3, 70),
(5, 23),
(5, 112),
(6, 140),
(6, 117),
(7, 35),
(7, 199),
(7, 183),
(7, 187),
(7, 197),
(7, 179),
(7, 45),
(8, 165),
(8, 161),
(8, 168),
(8, 110),
(10, 170),
(10, 35),
(10, 80),
(10, 155),
(10, 4),
(10, 143),
(11, 49),
(11, 146),
(11, 33),
(11, 10),
(11, 143),
(11, 44),
(11, 104),
(12, 11),
(12, 147),
(12, 73),
(12, 53),
(12, 50),
(12, 170),
(12, 39),
(13, 181),
(14, 25),
(14, 196),
(14, 107),
(14, 75),
(14, 17),
(14, 83),
(15, 151),
(15, 40),
(15, 39),
(16, 120),
(16, 18),
(17, 77),
(17, 131),
(17, 132),
(17, 156),
(17, 185),
(17, 129),
(17, 139),
(19, 34),
(19, 171),
(19, 138),
(19, 27),
(19, 21),
(20, 26),
(20, 134),
(20, 81),
(20, 117),
(20, 101),
(20, 136),
(20, 40),
(20, 100),
(20, 24);

--
-- Index pour les tables déchargées
--

--
-- Index pour la table `account`
--
ALTER TABLE `account`
  ADD PRIMARY KEY (`id`),
  ADD UNIQUE KEY `UK_66gkcp94endmotfwb8r4ocxm9` (`account_number`),
  ADD KEY `FKl39vvnyp36iesrcvxnwfrvtx5` (`owner`);

--
-- Index pour la table `bank`
--
ALTER TABLE `bank`
  ADD PRIMARY KEY (`id`);

--
-- Index pour la table `bank_account`
--
ALTER TABLE `bank_account`
  ADD PRIMARY KEY (`id`),
  ADD UNIQUE KEY `UK_mb8kv2x9143o96jgxbv6mahcq` (`account_number`),
  ADD KEY `FKpuk95qcb81gfyqqnj4m7qlqe5` (`bank_id`),
  ADD KEY `FKsa22fljlyvbado7rialt14k9m` (`owner`);

--
-- Index pour la table `bank_transfer`
--
ALTER TABLE `bank_transfer`
  ADD PRIMARY KEY (`id`),
  ADD KEY `FKhqptmrm9wgi635tc0ooop96v5` (`account_id`),
  ADD KEY `FK175t1a2rxuav4nphc1pdikk6e` (`bank_account_id`);

--
-- Index pour la table `transaction`
--
ALTER TABLE `transaction`
  ADD PRIMARY KEY (`id`),
  ADD KEY `FKan2cq79w1pqavplm9nbu5aef0` (`destination_account_id`),
  ADD KEY `FK25e716ukpqahttjt6c487lrer` (`source_account_id`);

--
-- Index pour la table `users`
--
ALTER TABLE `users`
  ADD PRIMARY KEY (`id`),
  ADD UNIQUE KEY `UK_6dotkott2kjsp8vw4d0m25fb7` (`email`),
  ADD UNIQUE KEY `UK_r53o2ojjw4fikudfnsuuga336` (`password`),
  ADD UNIQUE KEY `UK_r43af9ap4edm43mmtq01oddj6` (`username`);

--
-- Index pour la table `user_friends`
--
ALTER TABLE `user_friends`
  ADD KEY `FK11y5boh1e7gh60rdqixyetv3x` (`friend_id`),
  ADD KEY `FKk08ugelrh9cea1oew3hgxryw2` (`user_id`);

--
-- AUTO_INCREMENT pour les tables déchargées
--

--
-- AUTO_INCREMENT pour la table `account`
--
ALTER TABLE `account`
  MODIFY `id` bigint(20) NOT NULL AUTO_INCREMENT, AUTO_INCREMENT=210;

--
-- AUTO_INCREMENT pour la table `bank`
--
ALTER TABLE `bank`
  MODIFY `id` bigint(20) NOT NULL AUTO_INCREMENT, AUTO_INCREMENT=9;

--
-- AUTO_INCREMENT pour la table `transaction`
--
ALTER TABLE `transaction`
  MODIFY `id` bigint(20) NOT NULL AUTO_INCREMENT, AUTO_INCREMENT=2;

--
-- AUTO_INCREMENT pour la table `users`
--
ALTER TABLE `users`
  MODIFY `id` bigint(20) NOT NULL AUTO_INCREMENT, AUTO_INCREMENT=209;

--
-- Contraintes pour les tables déchargées
--

--
-- Contraintes pour la table `account`
--
ALTER TABLE `account`
  ADD CONSTRAINT `FKl39vvnyp36iesrcvxnwfrvtx5` FOREIGN KEY (`owner`) REFERENCES `users` (`id`);

--
-- Contraintes pour la table `bank_account`
--
ALTER TABLE `bank_account`
  ADD CONSTRAINT `FKpuk95qcb81gfyqqnj4m7qlqe5` FOREIGN KEY (`bank_id`) REFERENCES `bank` (`id`),
  ADD CONSTRAINT `FKsa22fljlyvbado7rialt14k9m` FOREIGN KEY (`owner`) REFERENCES `users` (`id`);

--
-- Contraintes pour la table `bank_transfer`
--
ALTER TABLE `bank_transfer`
  ADD CONSTRAINT `FK175t1a2rxuav4nphc1pdikk6e` FOREIGN KEY (`bank_account_id`) REFERENCES `bank_account` (`id`),
  ADD CONSTRAINT `FKhqptmrm9wgi635tc0ooop96v5` FOREIGN KEY (`account_id`) REFERENCES `account` (`id`);

--
-- Contraintes pour la table `transaction`
--
ALTER TABLE `transaction`
  ADD CONSTRAINT `FK25e716ukpqahttjt6c487lrer` FOREIGN KEY (`source_account_id`) REFERENCES `account` (`id`),
  ADD CONSTRAINT `FKan2cq79w1pqavplm9nbu5aef0` FOREIGN KEY (`destination_account_id`) REFERENCES `account` (`id`);

--
-- Contraintes pour la table `user_friends`
--
ALTER TABLE `user_friends`
  ADD CONSTRAINT `FK11y5boh1e7gh60rdqixyetv3x` FOREIGN KEY (`friend_id`) REFERENCES `users` (`id`),
  ADD CONSTRAINT `FKk08ugelrh9cea1oew3hgxryw2` FOREIGN KEY (`user_id`) REFERENCES `users` (`id`);
COMMIT;

/*!40101 SET CHARACTER_SET_CLIENT=@OLD_CHARACTER_SET_CLIENT */;
/*!40101 SET CHARACTER_SET_RESULTS=@OLD_CHARACTER_SET_RESULTS */;
/*!40101 SET COLLATION_CONNECTION=@OLD_COLLATION_CONNECTION */;
